This file contains any messages produced by compilers while
running configure, to aid debugging if configure makes a mistake.

It was created by netCDF configure 4.6.1, which was
generated by GNU Autoconf 2.69.  Invocation command line was

  $ ./configure --prefix=/mainfs/scratch/dn3g22/cgenie.muffin --disable-netcdf-4 --disable-dap

## --------- ##
## Platform. ##
## --------- ##

hostname = cyan53.cluster.local
uname -m = x86_64
uname -r = 3.10.0-1160.36.2.el7.x86_64
uname -s = Linux
uname -v = #1 SMP Thu Jul 8 02:53:40 UTC 2021

/usr/bin/uname -p = x86_64
/bin/uname -X     = unknown

/bin/arch              = x86_64
/usr/bin/arch -k       = unknown
/usr/convex/getsysinfo = unknown
/usr/bin/hostinfo      = unknown
/bin/machine           = unknown
/usr/bin/oslevel       = unknown
/bin/universe          = unknown

PATH: /local/software/gnumake/4.2/bin
PATH: /local/software/gcc/6.4.0/bin
PATH: /local/software/slurm/bin
PATH: /local/software/slurm/default/bin
PATH: /local/software/slurm/default/sbin
PATH: /mainfs/lyceum/dn3g22/.vscode-server/cli/servers/Stable-e54c774e0add60467559eb0d1e229c6452cf8447/server/bin/remote-cli
PATH: /usr/lib64/qt-3.3/bin
PATH: /usr/local/bin
PATH: /usr/bin
PATH: /usr/lpp/mmfs/bin
PATH: /opt/ibutils/bin
PATH: /usr/local/sbin
PATH: /usr/sbin
PATH: /var/GeoMxNGSPipeline
PATH: /lyceum/dn3g22/bin
PATH: /local/bin
PATH: .
PATH: /lyceum/dn3g22/.vscode-server/data/User/globalStorage/github.copilot-chat/debugCommand


## ----------- ##
## Core tests. ##
## ----------- ##

configure:2901: netCDF 4.6.1
configure:2948: checking build system type
configure:2962: result: x86_64-pc-linux-gnu
configure:2982: checking host system type
configure:2995: result: x86_64-pc-linux-gnu
configure:3017: checking target system type
configure:3030: result: x86_64-pc-linux-gnu
configure:3096: checking for a BSD-compatible install
configure:3164: result: /usr/bin/install -c
configure:3175: checking whether build environment is sane
configure:3230: result: yes
configure:3381: checking for a thread-safe mkdir -p
configure:3420: result: /usr/bin/mkdir -p
configure:3427: checking for gawk
configure:3443: found /usr/bin/gawk
configure:3454: result: gawk
configure:3465: checking whether make sets $(MAKE)
configure:3487: result: yes
configure:3516: checking whether make supports nested variables
configure:3533: result: yes
configure:3660: checking whether to enable maintainer-specific portions of Makefiles
configure:3669: result: no
configure:3686: checking user options
configure:3690: checking whether a NCIO_MINBLOCKSIZE was specified
configure:3700: result: 256
configure:3810: checking if fsync support is enabled
configure:3820: result: no
configure:3830: checking if jna bug workaround is enabledd
configure:3840: result: no
configure:3849: checking whether we should build netCDF-4
configure:3868: result: no
configure:3873: checking do we require hdf5 dynamic-loading support
configure:3881: result: yes
configure:3885: checking whether reading of HDF4 SD files is to be enabled
configure:3896: result: no
configure:3900: checking whether to fetch some sample HDF4 files from Unidata ftp site to test HDF4 reading (requires wget)
configure:3913: result: no
configure:3918: checking whether we should attempt to install netcdf-fortran (EXPERIMENTAL)
configure:3926: result: no
configure:3930: checking whether extra example tests should be run
configure:3938: result: no
configure:3942: checking whether parallel IO tests should be run
configure:3950: result: no
configure:3954: checking whether a default chunk size in bytes was specified
configure:3964: result: 4194304
configure:3973: checking whether a maximum per-variable cache size for HDF5 was specified
configure:3983: result: 67108864
configure:3992: checking whether a number of chunks for the default per-variable cache was specified
configure:4002: result: 10
configure:4011: checking whether a default file cache size for HDF5 was specified
configure:4021: result: 4194304
configure:4030: checking whether a default file cache maximum number of elements for HDF5 was specified
configure:4040: result: 1009
configure:4049: checking whether a default cache preemption for HDF5 was specified
configure:4059: result: 0.75
configure:4068: checking whether netCDF-4 logging is enabled
configure:4076: result: no
configure:4080: checking whether DAP client(s) are to be built
configure:4088: result: no
configure:4109: checking whether make supports the include directive
configure:4124: make -f confmf.GNU && cat confinc.out
this is the am__doit target
configure:4127: $? = 0
configure:4146: result: yes (GNU style)
configure:4216: checking for gcc
configure:4243: result: /local/software/gcc/6.4.0/bin/gcc
configure:4472: checking for C compiler version
configure:4481: /local/software/gcc/6.4.0/bin/gcc --version >&5
gcc (GCC) 6.4.0
Copyright (C) 2017 Free Software Foundation, Inc.
This is free software; see the source for copying conditions.  There is NO
warranty; not even for MERCHANTABILITY or FITNESS FOR A PARTICULAR PURPOSE.

configure:4492: $? = 0
configure:4481: /local/software/gcc/6.4.0/bin/gcc -v >&5
Using built-in specs.
COLLECT_GCC=/local/software/gcc/6.4.0/bin/gcc
COLLECT_LTO_WRAPPER=/mainfs/local/software/gcc/6.4.0/bin/../libexec/gcc/x86_64-pc-linux-gnu/6.4.0/lto-wrapper
Target: x86_64-pc-linux-gnu
Configured with: ../source/gcc-6.4.0/configure --prefix=/local/software/gcc/6.4.0/ --disable-multilib
Thread model: posix
gcc version 6.4.0 (GCC) 
configure:4492: $? = 0
configure:4481: /local/software/gcc/6.4.0/bin/gcc -V >&5
gcc: error: unrecognized command line option '-V'
gcc: fatal error: no input files
compilation terminated.
configure:4492: $? = 1
configure:4481: /local/software/gcc/6.4.0/bin/gcc -qversion >&5
gcc: error: unrecognized command line option '-qversion'; did you mean '--version'?
gcc: fatal error: no input files
compilation terminated.
configure:4492: $? = 1
configure:4512: checking whether the C compiler works
configure:4534: /local/software/gcc/6.4.0/bin/gcc    conftest.c  >&5
configure:4538: $? = 0
configure:4586: result: yes
configure:4589: checking for C compiler default output file name
configure:4591: result: a.out
configure:4597: checking for suffix of executables
configure:4604: /local/software/gcc/6.4.0/bin/gcc -o conftest    conftest.c  >&5
configure:4608: $? = 0
configure:4630: result: 
configure:4652: checking whether we are cross compiling
configure:4660: /local/software/gcc/6.4.0/bin/gcc -o conftest    conftest.c  >&5
configure:4664: $? = 0
configure:4671: ./conftest
configure:4675: $? = 0
configure:4690: result: no
configure:4695: checking for suffix of object files
configure:4717: /local/software/gcc/6.4.0/bin/gcc -c   conftest.c >&5
configure:4721: $? = 0
configure:4742: result: o
configure:4746: checking whether we are using the GNU C compiler
configure:4765: /local/software/gcc/6.4.0/bin/gcc -c   conftest.c >&5
configure:4765: $? = 0
configure:4774: result: yes
configure:4783: checking whether /local/software/gcc/6.4.0/bin/gcc accepts -g
configure:4803: /local/software/gcc/6.4.0/bin/gcc -c -g  conftest.c >&5
configure:4803: $? = 0
configure:4844: result: yes
configure:4861: checking for /local/software/gcc/6.4.0/bin/gcc option to accept ISO C89
configure:4924: /local/software/gcc/6.4.0/bin/gcc  -c   conftest.c >&5
configure:4924: $? = 0
configure:4937: result: none needed
configure:4962: checking whether /local/software/gcc/6.4.0/bin/gcc understands -c and -o together
configure:4984: /local/software/gcc/6.4.0/bin/gcc -c conftest.c -o conftest2.o
configure:4987: $? = 0
configure:4984: /local/software/gcc/6.4.0/bin/gcc -c conftest.c -o conftest2.o
configure:4987: $? = 0
configure:4999: result: yes
configure:5018: checking dependency style of /local/software/gcc/6.4.0/bin/gcc
configure:5129: result: gcc3
configure:5145: checking for curl_easy_setopt in -lcurl
configure:5170: /local/software/gcc/6.4.0/bin/gcc -o conftest    conftest.c -lcurl   >&5
configure:5170: $? = 0
configure:5179: result: yes
configure:5256: checking whether dap remote testing should be enabled (default on)
configure:5267: result: no
configure:5271: checking whether dap remote authorization testing should be enabled (default off)
configure:5287: result: no
configure:5291: checking whether netcdf4 group names for DAP2 hould be enabled (default on)
configure:5299: result: yes
configure:5302: DAP2 groups is being disabled because DAP2 support is  disabled or netcdf-4 disabled
configure:5313: checking which remote test server(s) to use
configure:5328: result: remotetest.unidata.ucar.edu,jetstream.unidata.ucar.edu (defaults)
configure:5352: checking whether the time-consuming dap tests should be enabled (default off)
configure:5363: result: no
configure:5377: checking whether to enable strict null-byte header padding when reading (default off)
configure:5385: result: no
configure:5404: checking whether FFIO will be used
configure:5412: result: no
configure:5429: checking whether STDIO will be used
configure:5437: result: no
configure:5460: checking whether examples should be built
configure:5468: result: yes
configure:5480: checking whether v2 netCDF API should be built
configure:5488: result: yes
configure:5513: checking whether the ncgen/ncdump/nccopy should be built
configure:5522: result: yes
configure:5534: checking whether test should be built and run
configure:5543: result: yes
configure:5555: checking whether large file (> 2GB) tests should be run
configure:5563: result: no
configure:5580: checking whether benchmarks should be run (experimental)
configure:5588: result: no
configure:5600: checking whether extreme numbers should be used in tests
configure:5615: result: yes
configure:5627: checking where to put large temp files if large file tests are run
configure:5636: result: .
configure:5651: finding C compiler
configure:5724: checking for gcc
configure:5751: result: /local/software/gcc/6.4.0/bin/gcc
configure:5980: checking for C compiler version
configure:5989: /local/software/gcc/6.4.0/bin/gcc --version >&5
gcc (GCC) 6.4.0
Copyright (C) 2017 Free Software Foundation, Inc.
This is free software; see the source for copying conditions.  There is NO
warranty; not even for MERCHANTABILITY or FITNESS FOR A PARTICULAR PURPOSE.

configure:6000: $? = 0
configure:5989: /local/software/gcc/6.4.0/bin/gcc -v >&5
Using built-in specs.
COLLECT_GCC=/local/software/gcc/6.4.0/bin/gcc
COLLECT_LTO_WRAPPER=/mainfs/local/software/gcc/6.4.0/bin/../libexec/gcc/x86_64-pc-linux-gnu/6.4.0/lto-wrapper
Target: x86_64-pc-linux-gnu
Configured with: ../source/gcc-6.4.0/configure --prefix=/local/software/gcc/6.4.0/ --disable-multilib
Thread model: posix
gcc version 6.4.0 (GCC) 
configure:6000: $? = 0
configure:5989: /local/software/gcc/6.4.0/bin/gcc -V >&5
gcc: error: unrecognized command line option '-V'
gcc: fatal error: no input files
compilation terminated.
configure:6000: $? = 1
configure:5989: /local/software/gcc/6.4.0/bin/gcc -qversion >&5
gcc: error: unrecognized command line option '-qversion'; did you mean '--version'?
gcc: fatal error: no input files
compilation terminated.
configure:6000: $? = 1
configure:6004: checking whether we are using the GNU C compiler
configure:6032: result: yes
configure:6041: checking whether /local/software/gcc/6.4.0/bin/gcc accepts -g
configure:6102: result: yes
configure:6119: checking for /local/software/gcc/6.4.0/bin/gcc option to accept ISO C89
configure:6195: result: none needed
configure:6220: checking whether /local/software/gcc/6.4.0/bin/gcc understands -c and -o together
configure:6257: result: yes
configure:6276: checking dependency style of /local/software/gcc/6.4.0/bin/gcc
configure:6387: result: gcc3
configure:6403: checking for an ANSI C-conforming const
configure:6469: /local/software/gcc/6.4.0/bin/gcc -c   conftest.c >&5
configure:6469: $? = 0
configure:6476: result: yes
configure:6506: /local/software/gcc/6.4.0/bin/gcc -c   conftest.c >&5
configure:6506: $? = 0
configure:6512: checking whether CURLOPT_USERNAME is defined
configure:6514: result: yes
configure:6533: /local/software/gcc/6.4.0/bin/gcc -c   conftest.c >&5
configure:6533: $? = 0
configure:6539: checking whether CURLOPT_PASSWORD is defined
configure:6541: result: yes
configure:6560: /local/software/gcc/6.4.0/bin/gcc -c   conftest.c >&5
configure:6560: $? = 0
configure:6566: checking whether CURLOPT_KEYPASSWD is defined
configure:6568: result: yes
configure:6587: /local/software/gcc/6.4.0/bin/gcc -c   conftest.c >&5
configure:6587: $? = 0
configure:6593: checking whether CURLINFO_RESPONSE_CODE is defined
configure:6595: result: yes
configure:6606: setting up libtool
configure:6655: checking how to print strings
configure:6682: result: printf
configure:6703: checking for a sed that does not truncate output
configure:6767: result: /usr/bin/sed
configure:6785: checking for grep that handles long lines and -e
configure:6843: result: /usr/bin/grep
configure:6848: checking for egrep
configure:6910: result: /usr/bin/grep -E
configure:6915: checking for fgrep
configure:6977: result: /usr/bin/grep -F
configure:7012: checking for ld used by /local/software/gcc/6.4.0/bin/gcc
configure:7079: result: /usr/bin/ld
configure:7086: checking if the linker (/usr/bin/ld) is GNU ld
configure:7101: result: yes
configure:7113: checking for BSD- or MS-compatible name lister (nm)
configure:7167: result: /usr/bin/nm -B
configure:7297: checking the name lister (/usr/bin/nm -B) interface
configure:7304: /local/software/gcc/6.4.0/bin/gcc -c   conftest.c >&5
configure:7307: /usr/bin/nm -B "conftest.o"
configure:7310: output
0000000000000000 B some_variable
configure:7317: result: BSD nm
configure:7320: checking whether ln -s works
configure:7324: result: yes
configure:7332: checking the maximum length of command line arguments
configure:7463: result: 3458764513820540925
configure:7511: checking how to convert x86_64-pc-linux-gnu file names to x86_64-pc-linux-gnu format
configure:7551: result: func_convert_file_noop
configure:7558: checking how to convert x86_64-pc-linux-gnu file names to toolchain format
configure:7578: result: func_convert_file_noop
configure:7585: checking for /usr/bin/ld option to reload object files
configure:7592: result: -r
configure:7666: checking for objdump
configure:7682: found /usr/bin/objdump
configure:7693: result: objdump
configure:7725: checking how to recognize dependent libraries
configure:7925: result: pass_all
configure:8010: checking for dlltool
configure:8040: result: no
configure:8070: checking how to associate runtime and link libraries
configure:8097: result: printf %s\n
configure:8157: checking for ar
configure:8173: found /usr/bin/ar
configure:8184: result: ar
configure:8221: checking for archiver @FILE support
configure:8238: /local/software/gcc/6.4.0/bin/gcc -c   conftest.c >&5
configure:8238: $? = 0
configure:8241: ar cru libconftest.a @conftest.lst >&5
configure:8244: $? = 0
configure:8249: ar cru libconftest.a @conftest.lst >&5
ar: conftest.o: No such file or directory
configure:8252: $? = 1
configure:8264: result: @
configure:8322: checking for strip
configure:8338: found /usr/bin/strip
configure:8349: result: strip
configure:8421: checking for ranlib
configure:8437: found /usr/bin/ranlib
configure:8448: result: ranlib
configure:8550: checking command to parse /usr/bin/nm -B output from /local/software/gcc/6.4.0/bin/gcc object
configure:8703: /local/software/gcc/6.4.0/bin/gcc -c   conftest.c >&5
configure:8706: $? = 0
configure:8710: /usr/bin/nm -B conftest.o \| sed -n -e 's/^.*[ ]\([ABCDGIRSTW][ABCDGIRSTW]*\)[ ][ ]*\([_A-Za-z][_A-Za-z0-9]*\)$/\1 \2 \2/p' | sed '/ __gnu_lto/d' \> conftest.nm
configure:8713: $? = 0
configure:8779: /local/software/gcc/6.4.0/bin/gcc -o conftest    conftest.c conftstm.o >&5
configure:8782: $? = 0
configure:8820: result: ok
configure:8867: checking for sysroot
configure:8897: result: no
configure:8904: checking for a working dd
configure:8942: result: /usr/bin/dd
configure:8946: checking how to truncate binary pipes
configure:8961: result: /usr/bin/dd bs=4096 count=1
configure:9097: /local/software/gcc/6.4.0/bin/gcc -c   conftest.c >&5
configure:9100: $? = 0
configure:9290: checking for mt
configure:9320: result: no
configure:9340: checking if : is a manifest tool
configure:9346: : '-?'
configure:9354: result: no
configure:10031: checking how to run the C preprocessor
configure:10062: /local/software/gcc/6.4.0/bin/gcc -E  conftest.c
configure:10062: $? = 0
configure:10076: /local/software/gcc/6.4.0/bin/gcc -E  conftest.c
conftest.c:26:28: fatal error: ac_nonexistent.h: No such file or directory
 #include <ac_nonexistent.h>
                            ^
compilation terminated.
configure:10076: $? = 1
configure: failed program was:
| /* confdefs.h */
| #define PACKAGE_NAME "netCDF"
| #define PACKAGE_TARNAME "netcdf"
| #define PACKAGE_VERSION "4.6.1"
| #define PACKAGE_STRING "netCDF 4.6.1"
| #define PACKAGE_BUGREPORT "support-netcdf@unidata.ucar.edu"
| #define PACKAGE_URL ""
| #define PACKAGE "netcdf"
| #define VERSION "4.6.1"
| #define NCIO_MINBLOCKSIZE 256
| #define DEFAULT_CHUNK_SIZE 4194304
| #define MAX_DEFAULT_CACHE_SIZE 67108864
| #define DEFAULT_CHUNKS_IN_CACHE 10
| #define CHUNK_CACHE_SIZE 4194304
| #define CHUNK_CACHE_NELEMS 1009
| #define CHUNK_CACHE_PREEMPTION 0.75
| #define REMOTETESTSERVERS "remotetest.unidata.ucar.edu,jetstream.unidata.ucar.edu"
| #define USE_NETCDF_2 1
| #define USE_EXTREME_NUMBERS 1
| #define TEMP_LARGE "."
| #define HAVE_CURLOPT_USERNAME 1
| #define HAVE_CURLOPT_PASSWORD 1
| #define HAVE_CURLOPT_KEYPASSWD 1
| #define HAVE_CURLINFO_RESPONSE_CODE 1
| /* end confdefs.h.  */
| #include <ac_nonexistent.h>
configure:10101: result: /local/software/gcc/6.4.0/bin/gcc -E
configure:10121: /local/software/gcc/6.4.0/bin/gcc -E  conftest.c
configure:10121: $? = 0
configure:10135: /local/software/gcc/6.4.0/bin/gcc -E  conftest.c
conftest.c:26:28: fatal error: ac_nonexistent.h: No such file or directory
 #include <ac_nonexistent.h>
                            ^
compilation terminated.
configure:10135: $? = 1
configure: failed program was:
| /* confdefs.h */
| #define PACKAGE_NAME "netCDF"
| #define PACKAGE_TARNAME "netcdf"
| #define PACKAGE_VERSION "4.6.1"
| #define PACKAGE_STRING "netCDF 4.6.1"
| #define PACKAGE_BUGREPORT "support-netcdf@unidata.ucar.edu"
| #define PACKAGE_URL ""
| #define PACKAGE "netcdf"
| #define VERSION "4.6.1"
| #define NCIO_MINBLOCKSIZE 256
| #define DEFAULT_CHUNK_SIZE 4194304
| #define MAX_DEFAULT_CACHE_SIZE 67108864
| #define DEFAULT_CHUNKS_IN_CACHE 10
| #define CHUNK_CACHE_SIZE 4194304
| #define CHUNK_CACHE_NELEMS 1009
| #define CHUNK_CACHE_PREEMPTION 0.75
| #define REMOTETESTSERVERS "remotetest.unidata.ucar.edu,jetstream.unidata.ucar.edu"
| #define USE_NETCDF_2 1
| #define USE_EXTREME_NUMBERS 1
| #define TEMP_LARGE "."
| #define HAVE_CURLOPT_USERNAME 1
| #define HAVE_CURLOPT_PASSWORD 1
| #define HAVE_CURLOPT_KEYPASSWD 1
| #define HAVE_CURLINFO_RESPONSE_CODE 1
| /* end confdefs.h.  */
| #include <ac_nonexistent.h>
configure:10164: checking for ANSI C header files
configure:10184: /local/software/gcc/6.4.0/bin/gcc -c   conftest.c >&5
configure:10184: $? = 0
configure:10257: /local/software/gcc/6.4.0/bin/gcc -o conftest    conftest.c  >&5
configure:10257: $? = 0
configure:10257: ./conftest
configure:10257: $? = 0
configure:10268: result: yes
configure:10281: checking for sys/types.h
configure:10281: /local/software/gcc/6.4.0/bin/gcc -c   conftest.c >&5
configure:10281: $? = 0
configure:10281: result: yes
configure:10281: checking for sys/stat.h
configure:10281: /local/software/gcc/6.4.0/bin/gcc -c   conftest.c >&5
configure:10281: $? = 0
configure:10281: result: yes
configure:10281: checking for stdlib.h
configure:10281: /local/software/gcc/6.4.0/bin/gcc -c   conftest.c >&5
configure:10281: $? = 0
configure:10281: result: yes
configure:10281: checking for string.h
configure:10281: /local/software/gcc/6.4.0/bin/gcc -c   conftest.c >&5
configure:10281: $? = 0
configure:10281: result: yes
configure:10281: checking for memory.h
configure:10281: /local/software/gcc/6.4.0/bin/gcc -c   conftest.c >&5
configure:10281: $? = 0
configure:10281: result: yes
configure:10281: checking for strings.h
configure:10281: /local/software/gcc/6.4.0/bin/gcc -c   conftest.c >&5
configure:10281: $? = 0
configure:10281: result: yes
configure:10281: checking for inttypes.h
configure:10281: /local/software/gcc/6.4.0/bin/gcc -c   conftest.c >&5
configure:10281: $? = 0
configure:10281: result: yes
configure:10281: checking for stdint.h
configure:10281: /local/software/gcc/6.4.0/bin/gcc -c   conftest.c >&5
configure:10281: $? = 0
configure:10281: result: yes
configure:10281: checking for unistd.h
configure:10281: /local/software/gcc/6.4.0/bin/gcc -c   conftest.c >&5
configure:10281: $? = 0
configure:10281: result: yes
configure:10295: checking for dlfcn.h
configure:10295: /local/software/gcc/6.4.0/bin/gcc -c   conftest.c >&5
configure:10295: $? = 0
configure:10295: result: yes
configure:10551: checking for objdir
configure:10566: result: .libs
configure:10830: checking if /local/software/gcc/6.4.0/bin/gcc supports -fno-rtti -fno-exceptions
configure:10848: /local/software/gcc/6.4.0/bin/gcc -c   -fno-rtti -fno-exceptions conftest.c >&5
cc1: warning: command line option '-fno-rtti' is valid for C++/ObjC++ but not for C
configure:10852: $? = 0
configure:10865: result: no
configure:11223: checking for /local/software/gcc/6.4.0/bin/gcc option to produce PIC
configure:11230: result: -fPIC -DPIC
configure:11238: checking if /local/software/gcc/6.4.0/bin/gcc PIC flag -fPIC -DPIC works
configure:11256: /local/software/gcc/6.4.0/bin/gcc -c   -fPIC -DPIC -DPIC conftest.c >&5
configure:11260: $? = 0
configure:11273: result: yes
configure:11302: checking if /local/software/gcc/6.4.0/bin/gcc static flag -static works
configure:11330: result: no
configure:11345: checking if /local/software/gcc/6.4.0/bin/gcc supports -c -o file.o
configure:11366: /local/software/gcc/6.4.0/bin/gcc -c   -o out/conftest2.o conftest.c >&5
configure:11370: $? = 0
configure:11392: result: yes
configure:11400: checking if /local/software/gcc/6.4.0/bin/gcc supports -c -o file.o
configure:11447: result: yes
configure:11480: checking whether the /local/software/gcc/6.4.0/bin/gcc linker (/usr/bin/ld -m elf_x86_64) supports shared libraries
configure:12739: result: yes
configure:12776: checking whether -lc should be explicitly linked in
configure:12784: /local/software/gcc/6.4.0/bin/gcc -c   conftest.c >&5
configure:12787: $? = 0
configure:12802: /local/software/gcc/6.4.0/bin/gcc -shared  -fPIC -DPIC conftest.o  -v -Wl,-soname -Wl,conftest -o conftest 2\>\&1 \| /usr/bin/grep  -lc  \>/dev/null 2\>\&1
configure:12805: $? = 0
configure:12819: result: no
configure:12979: checking dynamic linker characteristics
configure:13560: /local/software/gcc/6.4.0/bin/gcc -o conftest    -Wl,-rpath -Wl,/foo conftest.c  >&5
configure:13560: $? = 0
configure:13797: result: GNU/Linux ld.so
configure:13919: checking how to hardcode library paths into programs
configure:13944: result: immediate
configure:14492: checking whether stripping libraries is possible
configure:14497: result: yes
configure:14532: checking if libtool supports shared libraries
configure:14534: result: yes
configure:14537: checking whether to build shared libraries
configure:14562: result: yes
configure:14565: checking whether to build static libraries
configure:14569: result: yes
configure:14607: finding other utilities
configure:14615: checking for m4
configure:14631: found /usr/bin/m4
configure:14642: result: m4
configure:14662: checking for doxygen
configure:14678: found /usr/bin/doxygen
configure:14689: result: doxygen
configure:14711: checking for dot
configure:14727: found /usr/bin/dot
configure:14738: result: dot
configure:14783: checking for special C compiler options needed for large files
configure:14828: result: no
configure:14834: checking for _FILE_OFFSET_BITS value needed for large files
configure:14859: /local/software/gcc/6.4.0/bin/gcc -c   conftest.c >&5
configure:14859: $? = 0
configure:14891: result: no
configure:14977: displaying some results
configure:14983: checking CPPFLAGS
configure:14985: result: 
configure:14987: checking CC CFLAGS
configure:14989: result: /local/software/gcc/6.4.0/bin/gcc 
configure:14992: checking type /local/software/gcc/6.4.0/bin/gcc
configure:14994: result: /local/software/gcc/6.4.0/bin/gcc is /local/software/gcc/6.4.0/bin/gcc
configure:14997: checking CXX
configure:15000: result: /local/software/gcc/6.4.0/bin/g++
configure:15002: checking CXXFLAGS
configure:15004: result: 
configure:15007: checking type /local/software/gcc/6.4.0/bin/g++
configure:15009: result: /local/software/gcc/6.4.0/bin/g++ is /local/software/gcc/6.4.0/bin/g++
configure:15016: checking FC
configure:15031: result: unset
configure:15035: checking F90
configure:15050: result: unset
configure:15054: checking AR
configure:15057: result: ar
configure:15059: checking AR_FLAGS
configure:15061: result: cru
configure:15064: checking type ar
configure:15066: result: ar is /usr/bin/ar
configure:15073: checking NM
configure:15076: result: /usr/bin/nm -B
configure:15078: checking NMFLAGS
configure:15080: result: 
configure:15095: checking types, headers, and functions
configure:15100: checking sys/param.h usability
configure:15100: /local/software/gcc/6.4.0/bin/gcc -c   conftest.c >&5
configure:15100: $? = 0
configure:15100: result: yes
configure:15100: checking sys/param.h presence
configure:15100: /local/software/gcc/6.4.0/bin/gcc -E  conftest.c
configure:15100: $? = 0
configure:15100: result: yes
configure:15100: checking for sys/param.h
configure:15100: result: yes
configure:15112: checking libgen.h usability
configure:15112: /local/software/gcc/6.4.0/bin/gcc -c   conftest.c >&5
configure:15112: $? = 0
configure:15112: result: yes
configure:15112: checking libgen.h presence
configure:15112: /local/software/gcc/6.4.0/bin/gcc -E  conftest.c
configure:15112: $? = 0
configure:15112: result: yes
configure:15112: checking for libgen.h
configure:15112: result: yes
configure:15123: checking for ANSI C header files
configure:15227: result: yes
configure:15238: checking locale.h usability
configure:15238: /local/software/gcc/6.4.0/bin/gcc -c   conftest.c >&5
configure:15238: $? = 0
configure:15238: result: yes
configure:15238: checking locale.h presence
configure:15238: /local/software/gcc/6.4.0/bin/gcc -E  conftest.c
configure:15238: $? = 0
configure:15238: result: yes
configure:15238: checking for locale.h
configure:15238: result: yes
configure:15238: checking stdio.h usability
configure:15238: /local/software/gcc/6.4.0/bin/gcc -c   conftest.c >&5
configure:15238: $? = 0
configure:15238: result: yes
configure:15238: checking stdio.h presence
configure:15238: /local/software/gcc/6.4.0/bin/gcc -E  conftest.c
configure:15238: $? = 0
configure:15238: result: yes
configure:15238: checking for stdio.h
configure:15238: result: yes
configure:15238: checking stdarg.h usability
configure:15238: /local/software/gcc/6.4.0/bin/gcc -c   conftest.c >&5
configure:15238: $? = 0
configure:15238: result: yes
configure:15238: checking stdarg.h presence
configure:15238: /local/software/gcc/6.4.0/bin/gcc -E  conftest.c
configure:15238: $? = 0
configure:15238: result: yes
configure:15238: checking for stdarg.h
configure:15238: result: yes
configure:15238: checking fcntl.h usability
configure:15238: /local/software/gcc/6.4.0/bin/gcc -c   conftest.c >&5
configure:15238: $? = 0
configure:15238: result: yes
configure:15238: checking fcntl.h presence
configure:15238: /local/software/gcc/6.4.0/bin/gcc -E  conftest.c
configure:15238: $? = 0
configure:15238: result: yes
configure:15238: checking for fcntl.h
configure:15238: result: yes
configure:15238: checking malloc.h usability
configure:15238: /local/software/gcc/6.4.0/bin/gcc -c   conftest.c >&5
configure:15238: $? = 0
configure:15238: result: yes
configure:15238: checking malloc.h presence
configure:15238: /local/software/gcc/6.4.0/bin/gcc -E  conftest.c
configure:15238: $? = 0
configure:15238: result: yes
configure:15238: checking for malloc.h
configure:15238: result: yes
configure:15238: checking for stdlib.h
configure:15238: result: yes
configure:15238: checking for string.h
configure:15238: result: yes
configure:15238: checking for strings.h
configure:15238: result: yes
configure:15238: checking for unistd.h
configure:15238: result: yes
configure:15238: checking for sys/stat.h
configure:15238: result: yes
configure:15238: checking getopt.h usability
configure:15238: /local/software/gcc/6.4.0/bin/gcc -c   conftest.c >&5
configure:15238: $? = 0
configure:15238: result: yes
configure:15238: checking getopt.h presence
configure:15238: /local/software/gcc/6.4.0/bin/gcc -E  conftest.c
configure:15238: $? = 0
configure:15238: result: yes
configure:15238: checking for getopt.h
configure:15238: result: yes
configure:15238: checking sys/time.h usability
configure:15238: /local/software/gcc/6.4.0/bin/gcc -c   conftest.c >&5
configure:15238: $? = 0
configure:15238: result: yes
configure:15238: checking sys/time.h presence
configure:15238: /local/software/gcc/6.4.0/bin/gcc -E  conftest.c
configure:15238: $? = 0
configure:15238: result: yes
configure:15238: checking for sys/time.h
configure:15238: result: yes
configure:15238: checking for sys/types.h
configure:15238: result: yes
configure:15254: checking sys/resource.h usability
configure:15254: /local/software/gcc/6.4.0/bin/gcc -c   conftest.c >&5
configure:15254: $? = 0
configure:15254: result: yes
configure:15254: checking sys/resource.h presence
configure:15254: /local/software/gcc/6.4.0/bin/gcc -E  conftest.c
configure:15254: $? = 0
configure:15254: result: yes
configure:15254: checking for sys/resource.h
configure:15254: result: yes
configure:15269: checking ftw.h usability
configure:15269: /local/software/gcc/6.4.0/bin/gcc -c   conftest.c >&5
configure:15269: $? = 0
configure:15269: result: yes
configure:15269: checking ftw.h presence
configure:15269: /local/software/gcc/6.4.0/bin/gcc -E  conftest.c
configure:15269: $? = 0
configure:15269: result: yes
configure:15269: checking for ftw.h
configure:15269: result: yes
configure:15287: checking for strlcat
configure:15287: /local/software/gcc/6.4.0/bin/gcc -o conftest    conftest.c  >&5
/tmp/ccFrAA53.o: In function `main':
conftest.c:(.text+0xa): undefined reference to `strlcat'
collect2: error: ld returned 1 exit status
configure:15287: $? = 1
configure: failed program was:
| /* confdefs.h */
| #define PACKAGE_NAME "netCDF"
| #define PACKAGE_TARNAME "netcdf"
| #define PACKAGE_VERSION "4.6.1"
| #define PACKAGE_STRING "netCDF 4.6.1"
| #define PACKAGE_BUGREPORT "support-netcdf@unidata.ucar.edu"
| #define PACKAGE_URL ""
| #define PACKAGE "netcdf"
| #define VERSION "4.6.1"
| #define NCIO_MINBLOCKSIZE 256
| #define DEFAULT_CHUNK_SIZE 4194304
| #define MAX_DEFAULT_CACHE_SIZE 67108864
| #define DEFAULT_CHUNKS_IN_CACHE 10
| #define CHUNK_CACHE_SIZE 4194304
| #define CHUNK_CACHE_NELEMS 1009
| #define CHUNK_CACHE_PREEMPTION 0.75
| #define REMOTETESTSERVERS "remotetest.unidata.ucar.edu,jetstream.unidata.ucar.edu"
| #define USE_NETCDF_2 1
| #define USE_EXTREME_NUMBERS 1
| #define TEMP_LARGE "."
| #define HAVE_CURLOPT_USERNAME 1
| #define HAVE_CURLOPT_PASSWORD 1
| #define HAVE_CURLOPT_KEYPASSWD 1
| #define HAVE_CURLINFO_RESPONSE_CODE 1
| #define STDC_HEADERS 1
| #define HAVE_SYS_TYPES_H 1
| #define HAVE_SYS_STAT_H 1
| #define HAVE_STDLIB_H 1
| #define HAVE_STRING_H 1
| #define HAVE_MEMORY_H 1
| #define HAVE_STRINGS_H 1
| #define HAVE_INTTYPES_H 1
| #define HAVE_STDINT_H 1
| #define HAVE_UNISTD_H 1
| #define HAVE_DLFCN_H 1
| #define LT_OBJDIR ".libs/"
| #define HAVE_SYS_PARAM_H 1
| #define HAVE_LIBGEN_H 1
| #define STDC_HEADERS 1
| #define HAVE_LOCALE_H 1
| #define HAVE_STDIO_H 1
| #define HAVE_STDARG_H 1
| #define HAVE_FCNTL_H 1
| #define HAVE_MALLOC_H 1
| #define HAVE_STDLIB_H 1
| #define HAVE_STRING_H 1
| #define HAVE_STRINGS_H 1
| #define HAVE_UNISTD_H 1
| #define HAVE_SYS_STAT_H 1
| #define HAVE_GETOPT_H 1
| #define HAVE_SYS_TIME_H 1
| #define HAVE_SYS_TYPES_H 1
| #define HAVE_SYS_RESOURCE_H 1
| #define HAVE_FTW_H 1
| /* end confdefs.h.  */
| /* Define strlcat to an innocuous variant, in case <limits.h> declares strlcat.
|    For example, HP-UX 11i <limits.h> declares gettimeofday.  */
| #define strlcat innocuous_strlcat
| 
| /* System header to define __stub macros and hopefully few prototypes,
|     which can conflict with char strlcat (); below.
|     Prefer <limits.h> to <assert.h> if __STDC__ is defined, since
|     <limits.h> exists even on freestanding compilers.  */
| 
| #ifdef __STDC__
| # include <limits.h>
| #else
| # include <assert.h>
| #endif
| 
| #undef strlcat
| 
| /* Override any GCC internal prototype to avoid an error.
|    Use char because int might match the return type of a GCC
|    builtin and then its argument prototype would still apply.  */
| #ifdef __cplusplus
| extern "C"
| #endif
| char strlcat ();
| /* The GNU C library defines this for functions which it implements
|     to always fail with ENOSYS.  Some functions are actually named
|     something starting with __ and the normal name is an alias.  */
| #if defined __stub_strlcat || defined __stub___strlcat
| choke me
| #endif
| 
| int
| main ()
| {
| return strlcat ();
|   ;
|   return 0;
| }
configure:15287: result: no
configure:15287: checking for snprintf
configure:15287: /local/software/gcc/6.4.0/bin/gcc -o conftest    conftest.c  >&5
conftest.c:79:6: warning: conflicting types for built-in function 'snprintf'
 char snprintf ();
      ^~~~~~~~
configure:15287: $? = 0
configure:15287: result: yes
configure:15287: checking for strdup
configure:15287: /local/software/gcc/6.4.0/bin/gcc -o conftest    conftest.c  >&5
conftest.c:80:6: warning: conflicting types for built-in function 'strdup'
 char strdup ();
      ^~~~~~
configure:15287: $? = 0
configure:15287: result: yes
configure:15287: checking for strtoll
configure:15287: /local/software/gcc/6.4.0/bin/gcc -o conftest    conftest.c  >&5
configure:15287: $? = 0
configure:15287: result: yes
configure:15287: checking for strtoull
configure:15287: /local/software/gcc/6.4.0/bin/gcc -o conftest    conftest.c  >&5
configure:15287: $? = 0
configure:15287: result: yes
configure:15287: checking for mkstemp
configure:15287: /local/software/gcc/6.4.0/bin/gcc -o conftest    conftest.c  >&5
configure:15287: $? = 0
configure:15287: result: yes
configure:15287: checking for mktemp
configure:15287: /local/software/gcc/6.4.0/bin/gcc -o conftest    conftest.c  >&5
/tmp/ccGFeihO.o: In function `main':
conftest.c:(.text+0xa): warning: the use of `mktemp' is dangerous, better use `mkstemp'
configure:15287: $? = 0
configure:15287: result: yes
configure:15287: checking for random
configure:15287: /local/software/gcc/6.4.0/bin/gcc -o conftest    conftest.c  >&5
configure:15287: $? = 0
configure:15287: result: yes
configure:15287: checking for getrlimit
configure:15287: /local/software/gcc/6.4.0/bin/gcc -o conftest    conftest.c  >&5
configure:15287: $? = 0
configure:15287: result: yes
configure:15287: checking for gettimeofday
configure:15287: /local/software/gcc/6.4.0/bin/gcc -o conftest    conftest.c  >&5
configure:15287: $? = 0
configure:15287: result: yes
configure:15287: checking for fsync
configure:15287: /local/software/gcc/6.4.0/bin/gcc -o conftest    conftest.c  >&5
configure:15287: $? = 0
configure:15287: result: yes
configure:15287: checking for MPI_Comm_f2c
configure:15287: /local/software/gcc/6.4.0/bin/gcc -o conftest    conftest.c  >&5
/tmp/cc1SzEGl.o: In function `main':
conftest.c:(.text+0xa): undefined reference to `MPI_Comm_f2c'
collect2: error: ld returned 1 exit status
configure:15287: $? = 1
configure: failed program was:
| /* confdefs.h */
| #define PACKAGE_NAME "netCDF"
| #define PACKAGE_TARNAME "netcdf"
| #define PACKAGE_VERSION "4.6.1"
| #define PACKAGE_STRING "netCDF 4.6.1"
| #define PACKAGE_BUGREPORT "support-netcdf@unidata.ucar.edu"
| #define PACKAGE_URL ""
| #define PACKAGE "netcdf"
| #define VERSION "4.6.1"
| #define NCIO_MINBLOCKSIZE 256
| #define DEFAULT_CHUNK_SIZE 4194304
| #define MAX_DEFAULT_CACHE_SIZE 67108864
| #define DEFAULT_CHUNKS_IN_CACHE 10
| #define CHUNK_CACHE_SIZE 4194304
| #define CHUNK_CACHE_NELEMS 1009
| #define CHUNK_CACHE_PREEMPTION 0.75
| #define REMOTETESTSERVERS "remotetest.unidata.ucar.edu,jetstream.unidata.ucar.edu"
| #define USE_NETCDF_2 1
| #define USE_EXTREME_NUMBERS 1
| #define TEMP_LARGE "."
| #define HAVE_CURLOPT_USERNAME 1
| #define HAVE_CURLOPT_PASSWORD 1
| #define HAVE_CURLOPT_KEYPASSWD 1
| #define HAVE_CURLINFO_RESPONSE_CODE 1
| #define STDC_HEADERS 1
| #define HAVE_SYS_TYPES_H 1
| #define HAVE_SYS_STAT_H 1
| #define HAVE_STDLIB_H 1
| #define HAVE_STRING_H 1
| #define HAVE_MEMORY_H 1
| #define HAVE_STRINGS_H 1
| #define HAVE_INTTYPES_H 1
| #define HAVE_STDINT_H 1
| #define HAVE_UNISTD_H 1
| #define HAVE_DLFCN_H 1
| #define LT_OBJDIR ".libs/"
| #define HAVE_SYS_PARAM_H 1
| #define HAVE_LIBGEN_H 1
| #define STDC_HEADERS 1
| #define HAVE_LOCALE_H 1
| #define HAVE_STDIO_H 1
| #define HAVE_STDARG_H 1
| #define HAVE_FCNTL_H 1
| #define HAVE_MALLOC_H 1
| #define HAVE_STDLIB_H 1
| #define HAVE_STRING_H 1
| #define HAVE_STRINGS_H 1
| #define HAVE_UNISTD_H 1
| #define HAVE_SYS_STAT_H 1
| #define HAVE_GETOPT_H 1
| #define HAVE_SYS_TIME_H 1
| #define HAVE_SYS_TYPES_H 1
| #define HAVE_SYS_RESOURCE_H 1
| #define HAVE_FTW_H 1
| #define HAVE_SNPRINTF 1
| #define HAVE_STRDUP 1
| #define HAVE_STRTOLL 1
| #define HAVE_STRTOULL 1
| #define HAVE_MKSTEMP 1
| #define HAVE_MKTEMP 1
| #define HAVE_RANDOM 1
| #define HAVE_GETRLIMIT 1
| #define HAVE_GETTIMEOFDAY 1
| #define HAVE_FSYNC 1
| /* end confdefs.h.  */
| /* Define MPI_Comm_f2c to an innocuous variant, in case <limits.h> declares MPI_Comm_f2c.
|    For example, HP-UX 11i <limits.h> declares gettimeofday.  */
| #define MPI_Comm_f2c innocuous_MPI_Comm_f2c
| 
| /* System header to define __stub macros and hopefully few prototypes,
|     which can conflict with char MPI_Comm_f2c (); below.
|     Prefer <limits.h> to <assert.h> if __STDC__ is defined, since
|     <limits.h> exists even on freestanding compilers.  */
| 
| #ifdef __STDC__
| # include <limits.h>
| #else
| # include <assert.h>
| #endif
| 
| #undef MPI_Comm_f2c
| 
| /* Override any GCC internal prototype to avoid an error.
|    Use char because int might match the return type of a GCC
|    builtin and then its argument prototype would still apply.  */
| #ifdef __cplusplus
| extern "C"
| #endif
| char MPI_Comm_f2c ();
| /* The GNU C library defines this for functions which it implements
|     to always fail with ENOSYS.  Some functions are actually named
|     something starting with __ and the normal name is an alias.  */
| #if defined __stub_MPI_Comm_f2c || defined __stub___MPI_Comm_f2c
| choke me
| #endif
| 
| int
| main ()
| {
| return MPI_Comm_f2c ();
|   ;
|   return 0;
| }
configure:15287: result: no
configure:15298: checking whether in-memory files are enabled
configure:15306: result: yes
configure:15319: WARNING: netcdf-4 not enabled; disabling DAP4
configure:15334: checking for memmove
configure:15334: /local/software/gcc/6.4.0/bin/gcc -o conftest    conftest.c  >&5
conftest.c:89:6: warning: conflicting types for built-in function 'memmove'
 char memmove ();
      ^~~~~~~
configure:15334: $? = 0
configure:15334: result: yes
configure:15334: checking for getpagesize
configure:15334: /local/software/gcc/6.4.0/bin/gcc -o conftest    conftest.c  >&5
configure:15334: $? = 0
configure:15334: result: yes
configure:15334: checking for sysconf
configure:15334: /local/software/gcc/6.4.0/bin/gcc -o conftest    conftest.c  >&5
configure:15334: $? = 0
configure:15334: result: yes
configure:15345: checking whether mmap is enabled for in-memory files
configure:15353: result: no
configure:15359: checking for mremap
configure:15359: /local/software/gcc/6.4.0/bin/gcc -o conftest    conftest.c  >&5
configure:15359: $? = 0
configure:15359: result: yes
configure:15386: checking for size_t
configure:15386: /local/software/gcc/6.4.0/bin/gcc -c   conftest.c >&5
configure:15386: $? = 0
configure:15386: /local/software/gcc/6.4.0/bin/gcc -c   conftest.c >&5
conftest.c: In function 'main':
conftest.c:107:21: error: expected expression before ')' token
 if (sizeof ((size_t)))
                     ^
configure:15386: $? = 1
configure: failed program was:
| /* confdefs.h */
| #define PACKAGE_NAME "netCDF"
| #define PACKAGE_TARNAME "netcdf"
| #define PACKAGE_VERSION "4.6.1"
| #define PACKAGE_STRING "netCDF 4.6.1"
| #define PACKAGE_BUGREPORT "support-netcdf@unidata.ucar.edu"
| #define PACKAGE_URL ""
| #define PACKAGE "netcdf"
| #define VERSION "4.6.1"
| #define NCIO_MINBLOCKSIZE 256
| #define DEFAULT_CHUNK_SIZE 4194304
| #define MAX_DEFAULT_CACHE_SIZE 67108864
| #define DEFAULT_CHUNKS_IN_CACHE 10
| #define CHUNK_CACHE_SIZE 4194304
| #define CHUNK_CACHE_NELEMS 1009
| #define CHUNK_CACHE_PREEMPTION 0.75
| #define REMOTETESTSERVERS "remotetest.unidata.ucar.edu,jetstream.unidata.ucar.edu"
| #define USE_NETCDF_2 1
| #define USE_EXTREME_NUMBERS 1
| #define TEMP_LARGE "."
| #define HAVE_CURLOPT_USERNAME 1
| #define HAVE_CURLOPT_PASSWORD 1
| #define HAVE_CURLOPT_KEYPASSWD 1
| #define HAVE_CURLINFO_RESPONSE_CODE 1
| #define STDC_HEADERS 1
| #define HAVE_SYS_TYPES_H 1
| #define HAVE_SYS_STAT_H 1
| #define HAVE_STDLIB_H 1
| #define HAVE_STRING_H 1
| #define HAVE_MEMORY_H 1
| #define HAVE_STRINGS_H 1
| #define HAVE_INTTYPES_H 1
| #define HAVE_STDINT_H 1
| #define HAVE_UNISTD_H 1
| #define HAVE_DLFCN_H 1
| #define LT_OBJDIR ".libs/"
| #define HAVE_SYS_PARAM_H 1
| #define HAVE_LIBGEN_H 1
| #define STDC_HEADERS 1
| #define HAVE_LOCALE_H 1
| #define HAVE_STDIO_H 1
| #define HAVE_STDARG_H 1
| #define HAVE_FCNTL_H 1
| #define HAVE_MALLOC_H 1
| #define HAVE_STDLIB_H 1
| #define HAVE_STRING_H 1
| #define HAVE_STRINGS_H 1
| #define HAVE_UNISTD_H 1
| #define HAVE_SYS_STAT_H 1
| #define HAVE_GETOPT_H 1
| #define HAVE_SYS_TIME_H 1
| #define HAVE_SYS_TYPES_H 1
| #define HAVE_SYS_RESOURCE_H 1
| #define HAVE_FTW_H 1
| #define HAVE_SNPRINTF 1
| #define HAVE_STRDUP 1
| #define HAVE_STRTOLL 1
| #define HAVE_STRTOULL 1
| #define HAVE_MKSTEMP 1
| #define HAVE_MKTEMP 1
| #define HAVE_RANDOM 1
| #define HAVE_GETRLIMIT 1
| #define HAVE_GETTIMEOFDAY 1
| #define HAVE_FSYNC 1
| #define HAVE_MEMMOVE 1
| #define HAVE_GETPAGESIZE 1
| #define HAVE_SYSCONF 1
| #define HAVE_MREMAP 1
| #define USE_DISKLESS 1
| /* end confdefs.h.  */
| #include <stdio.h>
| #ifdef HAVE_SYS_TYPES_H
| # include <sys/types.h>
| #endif
| #ifdef HAVE_SYS_STAT_H
| # include <sys/stat.h>
| #endif
| #ifdef STDC_HEADERS
| # include <stdlib.h>
| # include <stddef.h>
| #else
| # ifdef HAVE_STDLIB_H
| #  include <stdlib.h>
| # endif
| #endif
| #ifdef HAVE_STRING_H
| # if !defined STDC_HEADERS && defined HAVE_MEMORY_H
| #  include <memory.h>
| # endif
| # include <string.h>
| #endif
| #ifdef HAVE_STRINGS_H
| # include <strings.h>
| #endif
| #ifdef HAVE_INTTYPES_H
| # include <inttypes.h>
| #endif
| #ifdef HAVE_STDINT_H
| # include <stdint.h>
| #endif
| #ifdef HAVE_UNISTD_H
| # include <unistd.h>
| #endif
| int
| main ()
| {
| if (sizeof ((size_t)))
| 	    return 0;
|   ;
|   return 0;
| }
configure:15386: result: yes
configure:15399: checking for working alloca.h
configure:15416: /local/software/gcc/6.4.0/bin/gcc -o conftest    conftest.c  >&5
configure:15416: $? = 0
configure:15424: result: yes
configure:15432: checking for alloca
configure:15469: /local/software/gcc/6.4.0/bin/gcc -o conftest    conftest.c  >&5
configure:15469: $? = 0
configure:15477: result: yes
configure:15583: checking whether isnan is declared
configure:15583: /local/software/gcc/6.4.0/bin/gcc -c   conftest.c >&5
configure:15583: $? = 0
configure:15583: result: yes
configure:15594: checking whether isinf is declared
configure:15594: /local/software/gcc/6.4.0/bin/gcc -c   conftest.c >&5
configure:15594: $? = 0
configure:15594: result: yes
configure:15605: checking whether isfinite is declared
configure:15605: /local/software/gcc/6.4.0/bin/gcc -c   conftest.c >&5
configure:15605: $? = 0
configure:15605: result: yes
configure:15617: checking for struct stat.st_blksize
configure:15617: /local/software/gcc/6.4.0/bin/gcc -c   conftest.c >&5
configure:15617: $? = 0
configure:15617: result: yes
configure:15631: checking for IEEE floating point format
configure:15669: /local/software/gcc/6.4.0/bin/gcc -o conftest    conftest.c  >&5
configure:15669: $? = 0
configure:15669: ./conftest
configure:15669: $? = 0
configure:15678: result: yes
configure:15686: checking for size_t
configure:15686: result: yes
configure:15695: checking for ssize_t
configure:15695: /local/software/gcc/6.4.0/bin/gcc -c   conftest.c >&5
configure:15695: $? = 0
configure:15695: /local/software/gcc/6.4.0/bin/gcc -c   conftest.c >&5
conftest.c: In function 'main':
conftest.c:115:22: error: expected expression before ')' token
 if (sizeof ((ssize_t)))
                      ^
configure:15695: $? = 1
configure: failed program was:
| /* confdefs.h */
| #define PACKAGE_NAME "netCDF"
| #define PACKAGE_TARNAME "netcdf"
| #define PACKAGE_VERSION "4.6.1"
| #define PACKAGE_STRING "netCDF 4.6.1"
| #define PACKAGE_BUGREPORT "support-netcdf@unidata.ucar.edu"
| #define PACKAGE_URL ""
| #define PACKAGE "netcdf"
| #define VERSION "4.6.1"
| #define NCIO_MINBLOCKSIZE 256
| #define DEFAULT_CHUNK_SIZE 4194304
| #define MAX_DEFAULT_CACHE_SIZE 67108864
| #define DEFAULT_CHUNKS_IN_CACHE 10
| #define CHUNK_CACHE_SIZE 4194304
| #define CHUNK_CACHE_NELEMS 1009
| #define CHUNK_CACHE_PREEMPTION 0.75
| #define REMOTETESTSERVERS "remotetest.unidata.ucar.edu,jetstream.unidata.ucar.edu"
| #define USE_NETCDF_2 1
| #define USE_EXTREME_NUMBERS 1
| #define TEMP_LARGE "."
| #define HAVE_CURLOPT_USERNAME 1
| #define HAVE_CURLOPT_PASSWORD 1
| #define HAVE_CURLOPT_KEYPASSWD 1
| #define HAVE_CURLINFO_RESPONSE_CODE 1
| #define STDC_HEADERS 1
| #define HAVE_SYS_TYPES_H 1
| #define HAVE_SYS_STAT_H 1
| #define HAVE_STDLIB_H 1
| #define HAVE_STRING_H 1
| #define HAVE_MEMORY_H 1
| #define HAVE_STRINGS_H 1
| #define HAVE_INTTYPES_H 1
| #define HAVE_STDINT_H 1
| #define HAVE_UNISTD_H 1
| #define HAVE_DLFCN_H 1
| #define LT_OBJDIR ".libs/"
| #define HAVE_SYS_PARAM_H 1
| #define HAVE_LIBGEN_H 1
| #define STDC_HEADERS 1
| #define HAVE_LOCALE_H 1
| #define HAVE_STDIO_H 1
| #define HAVE_STDARG_H 1
| #define HAVE_FCNTL_H 1
| #define HAVE_MALLOC_H 1
| #define HAVE_STDLIB_H 1
| #define HAVE_STRING_H 1
| #define HAVE_STRINGS_H 1
| #define HAVE_UNISTD_H 1
| #define HAVE_SYS_STAT_H 1
| #define HAVE_GETOPT_H 1
| #define HAVE_SYS_TIME_H 1
| #define HAVE_SYS_TYPES_H 1
| #define HAVE_SYS_RESOURCE_H 1
| #define HAVE_FTW_H 1
| #define HAVE_SNPRINTF 1
| #define HAVE_STRDUP 1
| #define HAVE_STRTOLL 1
| #define HAVE_STRTOULL 1
| #define HAVE_MKSTEMP 1
| #define HAVE_MKTEMP 1
| #define HAVE_RANDOM 1
| #define HAVE_GETRLIMIT 1
| #define HAVE_GETTIMEOFDAY 1
| #define HAVE_FSYNC 1
| #define HAVE_MEMMOVE 1
| #define HAVE_GETPAGESIZE 1
| #define HAVE_SYSCONF 1
| #define HAVE_MREMAP 1
| #define USE_DISKLESS 1
| #define HAVE_ALLOCA_H 1
| #define HAVE_ALLOCA 1
| #define HAVE_DECL_ISNAN 1
| #define HAVE_DECL_ISINF 1
| #define HAVE_DECL_ISFINITE 1
| #define HAVE_STRUCT_STAT_ST_BLKSIZE 1
| #define HAVE_ST_BLKSIZE 1
| #define HAVE_SIZE_T 1
| /* end confdefs.h.  */
| #include <stdio.h>
| #ifdef HAVE_SYS_TYPES_H
| # include <sys/types.h>
| #endif
| #ifdef HAVE_SYS_STAT_H
| # include <sys/stat.h>
| #endif
| #ifdef STDC_HEADERS
| # include <stdlib.h>
| # include <stddef.h>
| #else
| # ifdef HAVE_STDLIB_H
| #  include <stdlib.h>
| # endif
| #endif
| #ifdef HAVE_STRING_H
| # if !defined STDC_HEADERS && defined HAVE_MEMORY_H
| #  include <memory.h>
| # endif
| # include <string.h>
| #endif
| #ifdef HAVE_STRINGS_H
| # include <strings.h>
| #endif
| #ifdef HAVE_INTTYPES_H
| # include <inttypes.h>
| #endif
| #ifdef HAVE_STDINT_H
| # include <stdint.h>
| #endif
| #ifdef HAVE_UNISTD_H
| # include <unistd.h>
| #endif
| int
| main ()
| {
| if (sizeof ((ssize_t)))
| 	    return 0;
|   ;
|   return 0;
| }
configure:15695: result: yes
configure:15704: checking for schar
configure:15704: /local/software/gcc/6.4.0/bin/gcc -c   conftest.c >&5
conftest.c: In function 'main':
conftest.c:116:13: error: 'schar' undeclared (first use in this function)
 if (sizeof (schar))
             ^~~~~
conftest.c:116:13: note: each undeclared identifier is reported only once for each function it appears in
configure:15704: $? = 1
configure: failed program was:
| /* confdefs.h */
| #define PACKAGE_NAME "netCDF"
| #define PACKAGE_TARNAME "netcdf"
| #define PACKAGE_VERSION "4.6.1"
| #define PACKAGE_STRING "netCDF 4.6.1"
| #define PACKAGE_BUGREPORT "support-netcdf@unidata.ucar.edu"
| #define PACKAGE_URL ""
| #define PACKAGE "netcdf"
| #define VERSION "4.6.1"
| #define NCIO_MINBLOCKSIZE 256
| #define DEFAULT_CHUNK_SIZE 4194304
| #define MAX_DEFAULT_CACHE_SIZE 67108864
| #define DEFAULT_CHUNKS_IN_CACHE 10
| #define CHUNK_CACHE_SIZE 4194304
| #define CHUNK_CACHE_NELEMS 1009
| #define CHUNK_CACHE_PREEMPTION 0.75
| #define REMOTETESTSERVERS "remotetest.unidata.ucar.edu,jetstream.unidata.ucar.edu"
| #define USE_NETCDF_2 1
| #define USE_EXTREME_NUMBERS 1
| #define TEMP_LARGE "."
| #define HAVE_CURLOPT_USERNAME 1
| #define HAVE_CURLOPT_PASSWORD 1
| #define HAVE_CURLOPT_KEYPASSWD 1
| #define HAVE_CURLINFO_RESPONSE_CODE 1
| #define STDC_HEADERS 1
| #define HAVE_SYS_TYPES_H 1
| #define HAVE_SYS_STAT_H 1
| #define HAVE_STDLIB_H 1
| #define HAVE_STRING_H 1
| #define HAVE_MEMORY_H 1
| #define HAVE_STRINGS_H 1
| #define HAVE_INTTYPES_H 1
| #define HAVE_STDINT_H 1
| #define HAVE_UNISTD_H 1
| #define HAVE_DLFCN_H 1
| #define LT_OBJDIR ".libs/"
| #define HAVE_SYS_PARAM_H 1
| #define HAVE_LIBGEN_H 1
| #define STDC_HEADERS 1
| #define HAVE_LOCALE_H 1
| #define HAVE_STDIO_H 1
| #define HAVE_STDARG_H 1
| #define HAVE_FCNTL_H 1
| #define HAVE_MALLOC_H 1
| #define HAVE_STDLIB_H 1
| #define HAVE_STRING_H 1
| #define HAVE_STRINGS_H 1
| #define HAVE_UNISTD_H 1
| #define HAVE_SYS_STAT_H 1
| #define HAVE_GETOPT_H 1
| #define HAVE_SYS_TIME_H 1
| #define HAVE_SYS_TYPES_H 1
| #define HAVE_SYS_RESOURCE_H 1
| #define HAVE_FTW_H 1
| #define HAVE_SNPRINTF 1
| #define HAVE_STRDUP 1
| #define HAVE_STRTOLL 1
| #define HAVE_STRTOULL 1
| #define HAVE_MKSTEMP 1
| #define HAVE_MKTEMP 1
| #define HAVE_RANDOM 1
| #define HAVE_GETRLIMIT 1
| #define HAVE_GETTIMEOFDAY 1
| #define HAVE_FSYNC 1
| #define HAVE_MEMMOVE 1
| #define HAVE_GETPAGESIZE 1
| #define HAVE_SYSCONF 1
| #define HAVE_MREMAP 1
| #define USE_DISKLESS 1
| #define HAVE_ALLOCA_H 1
| #define HAVE_ALLOCA 1
| #define HAVE_DECL_ISNAN 1
| #define HAVE_DECL_ISINF 1
| #define HAVE_DECL_ISFINITE 1
| #define HAVE_STRUCT_STAT_ST_BLKSIZE 1
| #define HAVE_ST_BLKSIZE 1
| #define HAVE_SIZE_T 1
| #define HAVE_SSIZE_T 1
| /* end confdefs.h.  */
| #include <stdio.h>
| #ifdef HAVE_SYS_TYPES_H
| # include <sys/types.h>
| #endif
| #ifdef HAVE_SYS_STAT_H
| # include <sys/stat.h>
| #endif
| #ifdef STDC_HEADERS
| # include <stdlib.h>
| # include <stddef.h>
| #else
| # ifdef HAVE_STDLIB_H
| #  include <stdlib.h>
| # endif
| #endif
| #ifdef HAVE_STRING_H
| # if !defined STDC_HEADERS && defined HAVE_MEMORY_H
| #  include <memory.h>
| # endif
| # include <string.h>
| #endif
| #ifdef HAVE_STRINGS_H
| # include <strings.h>
| #endif
| #ifdef HAVE_INTTYPES_H
| # include <inttypes.h>
| #endif
| #ifdef HAVE_STDINT_H
| # include <stdint.h>
| #endif
| #ifdef HAVE_UNISTD_H
| # include <unistd.h>
| #endif
| int
| main ()
| {
| if (sizeof (schar))
| 	 return 0;
|   ;
|   return 0;
| }
configure:15704: result: no
configure:15713: checking for uchar
configure:15713: /local/software/gcc/6.4.0/bin/gcc -c   conftest.c >&5
conftest.c: In function 'main':
conftest.c:116:13: error: 'uchar' undeclared (first use in this function)
 if (sizeof (uchar))
             ^~~~~
conftest.c:116:13: note: each undeclared identifier is reported only once for each function it appears in
configure:15713: $? = 1
configure: failed program was:
| /* confdefs.h */
| #define PACKAGE_NAME "netCDF"
| #define PACKAGE_TARNAME "netcdf"
| #define PACKAGE_VERSION "4.6.1"
| #define PACKAGE_STRING "netCDF 4.6.1"
| #define PACKAGE_BUGREPORT "support-netcdf@unidata.ucar.edu"
| #define PACKAGE_URL ""
| #define PACKAGE "netcdf"
| #define VERSION "4.6.1"
| #define NCIO_MINBLOCKSIZE 256
| #define DEFAULT_CHUNK_SIZE 4194304
| #define MAX_DEFAULT_CACHE_SIZE 67108864
| #define DEFAULT_CHUNKS_IN_CACHE 10
| #define CHUNK_CACHE_SIZE 4194304
| #define CHUNK_CACHE_NELEMS 1009
| #define CHUNK_CACHE_PREEMPTION 0.75
| #define REMOTETESTSERVERS "remotetest.unidata.ucar.edu,jetstream.unidata.ucar.edu"
| #define USE_NETCDF_2 1
| #define USE_EXTREME_NUMBERS 1
| #define TEMP_LARGE "."
| #define HAVE_CURLOPT_USERNAME 1
| #define HAVE_CURLOPT_PASSWORD 1
| #define HAVE_CURLOPT_KEYPASSWD 1
| #define HAVE_CURLINFO_RESPONSE_CODE 1
| #define STDC_HEADERS 1
| #define HAVE_SYS_TYPES_H 1
| #define HAVE_SYS_STAT_H 1
| #define HAVE_STDLIB_H 1
| #define HAVE_STRING_H 1
| #define HAVE_MEMORY_H 1
| #define HAVE_STRINGS_H 1
| #define HAVE_INTTYPES_H 1
| #define HAVE_STDINT_H 1
| #define HAVE_UNISTD_H 1
| #define HAVE_DLFCN_H 1
| #define LT_OBJDIR ".libs/"
| #define HAVE_SYS_PARAM_H 1
| #define HAVE_LIBGEN_H 1
| #define STDC_HEADERS 1
| #define HAVE_LOCALE_H 1
| #define HAVE_STDIO_H 1
| #define HAVE_STDARG_H 1
| #define HAVE_FCNTL_H 1
| #define HAVE_MALLOC_H 1
| #define HAVE_STDLIB_H 1
| #define HAVE_STRING_H 1
| #define HAVE_STRINGS_H 1
| #define HAVE_UNISTD_H 1
| #define HAVE_SYS_STAT_H 1
| #define HAVE_GETOPT_H 1
| #define HAVE_SYS_TIME_H 1
| #define HAVE_SYS_TYPES_H 1
| #define HAVE_SYS_RESOURCE_H 1
| #define HAVE_FTW_H 1
| #define HAVE_SNPRINTF 1
| #define HAVE_STRDUP 1
| #define HAVE_STRTOLL 1
| #define HAVE_STRTOULL 1
| #define HAVE_MKSTEMP 1
| #define HAVE_MKTEMP 1
| #define HAVE_RANDOM 1
| #define HAVE_GETRLIMIT 1
| #define HAVE_GETTIMEOFDAY 1
| #define HAVE_FSYNC 1
| #define HAVE_MEMMOVE 1
| #define HAVE_GETPAGESIZE 1
| #define HAVE_SYSCONF 1
| #define HAVE_MREMAP 1
| #define USE_DISKLESS 1
| #define HAVE_ALLOCA_H 1
| #define HAVE_ALLOCA 1
| #define HAVE_DECL_ISNAN 1
| #define HAVE_DECL_ISINF 1
| #define HAVE_DECL_ISFINITE 1
| #define HAVE_STRUCT_STAT_ST_BLKSIZE 1
| #define HAVE_ST_BLKSIZE 1
| #define HAVE_SIZE_T 1
| #define HAVE_SSIZE_T 1
| /* end confdefs.h.  */
| #include <stdio.h>
| #ifdef HAVE_SYS_TYPES_H
| # include <sys/types.h>
| #endif
| #ifdef HAVE_SYS_STAT_H
| # include <sys/stat.h>
| #endif
| #ifdef STDC_HEADERS
| # include <stdlib.h>
| # include <stddef.h>
| #else
| # ifdef HAVE_STDLIB_H
| #  include <stdlib.h>
| # endif
| #endif
| #ifdef HAVE_STRING_H
| # if !defined STDC_HEADERS && defined HAVE_MEMORY_H
| #  include <memory.h>
| # endif
| # include <string.h>
| #endif
| #ifdef HAVE_STRINGS_H
| # include <strings.h>
| #endif
| #ifdef HAVE_INTTYPES_H
| # include <inttypes.h>
| #endif
| #ifdef HAVE_STDINT_H
| # include <stdint.h>
| #endif
| #ifdef HAVE_UNISTD_H
| # include <unistd.h>
| #endif
| int
| main ()
| {
| if (sizeof (uchar))
| 	 return 0;
|   ;
|   return 0;
| }
configure:15713: result: no
configure:15722: checking for longlong
configure:15722: /local/software/gcc/6.4.0/bin/gcc -c   conftest.c >&5
conftest.c: In function 'main':
conftest.c:116:13: error: 'longlong' undeclared (first use in this function)
 if (sizeof (longlong))
             ^~~~~~~~
conftest.c:116:13: note: each undeclared identifier is reported only once for each function it appears in
configure:15722: $? = 1
configure: failed program was:
| /* confdefs.h */
| #define PACKAGE_NAME "netCDF"
| #define PACKAGE_TARNAME "netcdf"
| #define PACKAGE_VERSION "4.6.1"
| #define PACKAGE_STRING "netCDF 4.6.1"
| #define PACKAGE_BUGREPORT "support-netcdf@unidata.ucar.edu"
| #define PACKAGE_URL ""
| #define PACKAGE "netcdf"
| #define VERSION "4.6.1"
| #define NCIO_MINBLOCKSIZE 256
| #define DEFAULT_CHUNK_SIZE 4194304
| #define MAX_DEFAULT_CACHE_SIZE 67108864
| #define DEFAULT_CHUNKS_IN_CACHE 10
| #define CHUNK_CACHE_SIZE 4194304
| #define CHUNK_CACHE_NELEMS 1009
| #define CHUNK_CACHE_PREEMPTION 0.75
| #define REMOTETESTSERVERS "remotetest.unidata.ucar.edu,jetstream.unidata.ucar.edu"
| #define USE_NETCDF_2 1
| #define USE_EXTREME_NUMBERS 1
| #define TEMP_LARGE "."
| #define HAVE_CURLOPT_USERNAME 1
| #define HAVE_CURLOPT_PASSWORD 1
| #define HAVE_CURLOPT_KEYPASSWD 1
| #define HAVE_CURLINFO_RESPONSE_CODE 1
| #define STDC_HEADERS 1
| #define HAVE_SYS_TYPES_H 1
| #define HAVE_SYS_STAT_H 1
| #define HAVE_STDLIB_H 1
| #define HAVE_STRING_H 1
| #define HAVE_MEMORY_H 1
| #define HAVE_STRINGS_H 1
| #define HAVE_INTTYPES_H 1
| #define HAVE_STDINT_H 1
| #define HAVE_UNISTD_H 1
| #define HAVE_DLFCN_H 1
| #define LT_OBJDIR ".libs/"
| #define HAVE_SYS_PARAM_H 1
| #define HAVE_LIBGEN_H 1
| #define STDC_HEADERS 1
| #define HAVE_LOCALE_H 1
| #define HAVE_STDIO_H 1
| #define HAVE_STDARG_H 1
| #define HAVE_FCNTL_H 1
| #define HAVE_MALLOC_H 1
| #define HAVE_STDLIB_H 1
| #define HAVE_STRING_H 1
| #define HAVE_STRINGS_H 1
| #define HAVE_UNISTD_H 1
| #define HAVE_SYS_STAT_H 1
| #define HAVE_GETOPT_H 1
| #define HAVE_SYS_TIME_H 1
| #define HAVE_SYS_TYPES_H 1
| #define HAVE_SYS_RESOURCE_H 1
| #define HAVE_FTW_H 1
| #define HAVE_SNPRINTF 1
| #define HAVE_STRDUP 1
| #define HAVE_STRTOLL 1
| #define HAVE_STRTOULL 1
| #define HAVE_MKSTEMP 1
| #define HAVE_MKTEMP 1
| #define HAVE_RANDOM 1
| #define HAVE_GETRLIMIT 1
| #define HAVE_GETTIMEOFDAY 1
| #define HAVE_FSYNC 1
| #define HAVE_MEMMOVE 1
| #define HAVE_GETPAGESIZE 1
| #define HAVE_SYSCONF 1
| #define HAVE_MREMAP 1
| #define USE_DISKLESS 1
| #define HAVE_ALLOCA_H 1
| #define HAVE_ALLOCA 1
| #define HAVE_DECL_ISNAN 1
| #define HAVE_DECL_ISINF 1
| #define HAVE_DECL_ISFINITE 1
| #define HAVE_STRUCT_STAT_ST_BLKSIZE 1
| #define HAVE_ST_BLKSIZE 1
| #define HAVE_SIZE_T 1
| #define HAVE_SSIZE_T 1
| /* end confdefs.h.  */
| #include <stdio.h>
| #ifdef HAVE_SYS_TYPES_H
| # include <sys/types.h>
| #endif
| #ifdef HAVE_SYS_STAT_H
| # include <sys/stat.h>
| #endif
| #ifdef STDC_HEADERS
| # include <stdlib.h>
| # include <stddef.h>
| #else
| # ifdef HAVE_STDLIB_H
| #  include <stdlib.h>
| # endif
| #endif
| #ifdef HAVE_STRING_H
| # if !defined STDC_HEADERS && defined HAVE_MEMORY_H
| #  include <memory.h>
| # endif
| # include <string.h>
| #endif
| #ifdef HAVE_STRINGS_H
| # include <strings.h>
| #endif
| #ifdef HAVE_INTTYPES_H
| # include <inttypes.h>
| #endif
| #ifdef HAVE_STDINT_H
| # include <stdint.h>
| #endif
| #ifdef HAVE_UNISTD_H
| # include <unistd.h>
| #endif
| int
| main ()
| {
| if (sizeof (longlong))
| 	 return 0;
|   ;
|   return 0;
| }
configure:15722: result: no
configure:15731: checking for ushort
configure:15731: /local/software/gcc/6.4.0/bin/gcc -c   conftest.c >&5
configure:15731: $? = 0
configure:15731: /local/software/gcc/6.4.0/bin/gcc -c   conftest.c >&5
conftest.c: In function 'main':
conftest.c:116:21: error: expected expression before ')' token
 if (sizeof ((ushort)))
                     ^
configure:15731: $? = 1
configure: failed program was:
| /* confdefs.h */
| #define PACKAGE_NAME "netCDF"
| #define PACKAGE_TARNAME "netcdf"
| #define PACKAGE_VERSION "4.6.1"
| #define PACKAGE_STRING "netCDF 4.6.1"
| #define PACKAGE_BUGREPORT "support-netcdf@unidata.ucar.edu"
| #define PACKAGE_URL ""
| #define PACKAGE "netcdf"
| #define VERSION "4.6.1"
| #define NCIO_MINBLOCKSIZE 256
| #define DEFAULT_CHUNK_SIZE 4194304
| #define MAX_DEFAULT_CACHE_SIZE 67108864
| #define DEFAULT_CHUNKS_IN_CACHE 10
| #define CHUNK_CACHE_SIZE 4194304
| #define CHUNK_CACHE_NELEMS 1009
| #define CHUNK_CACHE_PREEMPTION 0.75
| #define REMOTETESTSERVERS "remotetest.unidata.ucar.edu,jetstream.unidata.ucar.edu"
| #define USE_NETCDF_2 1
| #define USE_EXTREME_NUMBERS 1
| #define TEMP_LARGE "."
| #define HAVE_CURLOPT_USERNAME 1
| #define HAVE_CURLOPT_PASSWORD 1
| #define HAVE_CURLOPT_KEYPASSWD 1
| #define HAVE_CURLINFO_RESPONSE_CODE 1
| #define STDC_HEADERS 1
| #define HAVE_SYS_TYPES_H 1
| #define HAVE_SYS_STAT_H 1
| #define HAVE_STDLIB_H 1
| #define HAVE_STRING_H 1
| #define HAVE_MEMORY_H 1
| #define HAVE_STRINGS_H 1
| #define HAVE_INTTYPES_H 1
| #define HAVE_STDINT_H 1
| #define HAVE_UNISTD_H 1
| #define HAVE_DLFCN_H 1
| #define LT_OBJDIR ".libs/"
| #define HAVE_SYS_PARAM_H 1
| #define HAVE_LIBGEN_H 1
| #define STDC_HEADERS 1
| #define HAVE_LOCALE_H 1
| #define HAVE_STDIO_H 1
| #define HAVE_STDARG_H 1
| #define HAVE_FCNTL_H 1
| #define HAVE_MALLOC_H 1
| #define HAVE_STDLIB_H 1
| #define HAVE_STRING_H 1
| #define HAVE_STRINGS_H 1
| #define HAVE_UNISTD_H 1
| #define HAVE_SYS_STAT_H 1
| #define HAVE_GETOPT_H 1
| #define HAVE_SYS_TIME_H 1
| #define HAVE_SYS_TYPES_H 1
| #define HAVE_SYS_RESOURCE_H 1
| #define HAVE_FTW_H 1
| #define HAVE_SNPRINTF 1
| #define HAVE_STRDUP 1
| #define HAVE_STRTOLL 1
| #define HAVE_STRTOULL 1
| #define HAVE_MKSTEMP 1
| #define HAVE_MKTEMP 1
| #define HAVE_RANDOM 1
| #define HAVE_GETRLIMIT 1
| #define HAVE_GETTIMEOFDAY 1
| #define HAVE_FSYNC 1
| #define HAVE_MEMMOVE 1
| #define HAVE_GETPAGESIZE 1
| #define HAVE_SYSCONF 1
| #define HAVE_MREMAP 1
| #define USE_DISKLESS 1
| #define HAVE_ALLOCA_H 1
| #define HAVE_ALLOCA 1
| #define HAVE_DECL_ISNAN 1
| #define HAVE_DECL_ISINF 1
| #define HAVE_DECL_ISFINITE 1
| #define HAVE_STRUCT_STAT_ST_BLKSIZE 1
| #define HAVE_ST_BLKSIZE 1
| #define HAVE_SIZE_T 1
| #define HAVE_SSIZE_T 1
| /* end confdefs.h.  */
| #include <stdio.h>
| #ifdef HAVE_SYS_TYPES_H
| # include <sys/types.h>
| #endif
| #ifdef HAVE_SYS_STAT_H
| # include <sys/stat.h>
| #endif
| #ifdef STDC_HEADERS
| # include <stdlib.h>
| # include <stddef.h>
| #else
| # ifdef HAVE_STDLIB_H
| #  include <stdlib.h>
| # endif
| #endif
| #ifdef HAVE_STRING_H
| # if !defined STDC_HEADERS && defined HAVE_MEMORY_H
| #  include <memory.h>
| # endif
| # include <string.h>
| #endif
| #ifdef HAVE_STRINGS_H
| # include <strings.h>
| #endif
| #ifdef HAVE_INTTYPES_H
| # include <inttypes.h>
| #endif
| #ifdef HAVE_STDINT_H
| # include <stdint.h>
| #endif
| #ifdef HAVE_UNISTD_H
| # include <unistd.h>
| #endif
| int
| main ()
| {
| if (sizeof ((ushort)))
| 	    return 0;
|   ;
|   return 0;
| }
configure:15731: result: yes
configure:15740: checking for uint
configure:15740: /local/software/gcc/6.4.0/bin/gcc -c   conftest.c >&5
configure:15740: $? = 0
configure:15740: /local/software/gcc/6.4.0/bin/gcc -c   conftest.c >&5
conftest.c: In function 'main':
conftest.c:117:19: error: expected expression before ')' token
 if (sizeof ((uint)))
                   ^
configure:15740: $? = 1
configure: failed program was:
| /* confdefs.h */
| #define PACKAGE_NAME "netCDF"
| #define PACKAGE_TARNAME "netcdf"
| #define PACKAGE_VERSION "4.6.1"
| #define PACKAGE_STRING "netCDF 4.6.1"
| #define PACKAGE_BUGREPORT "support-netcdf@unidata.ucar.edu"
| #define PACKAGE_URL ""
| #define PACKAGE "netcdf"
| #define VERSION "4.6.1"
| #define NCIO_MINBLOCKSIZE 256
| #define DEFAULT_CHUNK_SIZE 4194304
| #define MAX_DEFAULT_CACHE_SIZE 67108864
| #define DEFAULT_CHUNKS_IN_CACHE 10
| #define CHUNK_CACHE_SIZE 4194304
| #define CHUNK_CACHE_NELEMS 1009
| #define CHUNK_CACHE_PREEMPTION 0.75
| #define REMOTETESTSERVERS "remotetest.unidata.ucar.edu,jetstream.unidata.ucar.edu"
| #define USE_NETCDF_2 1
| #define USE_EXTREME_NUMBERS 1
| #define TEMP_LARGE "."
| #define HAVE_CURLOPT_USERNAME 1
| #define HAVE_CURLOPT_PASSWORD 1
| #define HAVE_CURLOPT_KEYPASSWD 1
| #define HAVE_CURLINFO_RESPONSE_CODE 1
| #define STDC_HEADERS 1
| #define HAVE_SYS_TYPES_H 1
| #define HAVE_SYS_STAT_H 1
| #define HAVE_STDLIB_H 1
| #define HAVE_STRING_H 1
| #define HAVE_MEMORY_H 1
| #define HAVE_STRINGS_H 1
| #define HAVE_INTTYPES_H 1
| #define HAVE_STDINT_H 1
| #define HAVE_UNISTD_H 1
| #define HAVE_DLFCN_H 1
| #define LT_OBJDIR ".libs/"
| #define HAVE_SYS_PARAM_H 1
| #define HAVE_LIBGEN_H 1
| #define STDC_HEADERS 1
| #define HAVE_LOCALE_H 1
| #define HAVE_STDIO_H 1
| #define HAVE_STDARG_H 1
| #define HAVE_FCNTL_H 1
| #define HAVE_MALLOC_H 1
| #define HAVE_STDLIB_H 1
| #define HAVE_STRING_H 1
| #define HAVE_STRINGS_H 1
| #define HAVE_UNISTD_H 1
| #define HAVE_SYS_STAT_H 1
| #define HAVE_GETOPT_H 1
| #define HAVE_SYS_TIME_H 1
| #define HAVE_SYS_TYPES_H 1
| #define HAVE_SYS_RESOURCE_H 1
| #define HAVE_FTW_H 1
| #define HAVE_SNPRINTF 1
| #define HAVE_STRDUP 1
| #define HAVE_STRTOLL 1
| #define HAVE_STRTOULL 1
| #define HAVE_MKSTEMP 1
| #define HAVE_MKTEMP 1
| #define HAVE_RANDOM 1
| #define HAVE_GETRLIMIT 1
| #define HAVE_GETTIMEOFDAY 1
| #define HAVE_FSYNC 1
| #define HAVE_MEMMOVE 1
| #define HAVE_GETPAGESIZE 1
| #define HAVE_SYSCONF 1
| #define HAVE_MREMAP 1
| #define USE_DISKLESS 1
| #define HAVE_ALLOCA_H 1
| #define HAVE_ALLOCA 1
| #define HAVE_DECL_ISNAN 1
| #define HAVE_DECL_ISINF 1
| #define HAVE_DECL_ISFINITE 1
| #define HAVE_STRUCT_STAT_ST_BLKSIZE 1
| #define HAVE_ST_BLKSIZE 1
| #define HAVE_SIZE_T 1
| #define HAVE_SSIZE_T 1
| #define HAVE_USHORT 1
| /* end confdefs.h.  */
| #include <stdio.h>
| #ifdef HAVE_SYS_TYPES_H
| # include <sys/types.h>
| #endif
| #ifdef HAVE_SYS_STAT_H
| # include <sys/stat.h>
| #endif
| #ifdef STDC_HEADERS
| # include <stdlib.h>
| # include <stddef.h>
| #else
| # ifdef HAVE_STDLIB_H
| #  include <stdlib.h>
| # endif
| #endif
| #ifdef HAVE_STRING_H
| # if !defined STDC_HEADERS && defined HAVE_MEMORY_H
| #  include <memory.h>
| # endif
| # include <string.h>
| #endif
| #ifdef HAVE_STRINGS_H
| # include <strings.h>
| #endif
| #ifdef HAVE_INTTYPES_H
| # include <inttypes.h>
| #endif
| #ifdef HAVE_STDINT_H
| # include <stdint.h>
| #endif
| #ifdef HAVE_UNISTD_H
| # include <unistd.h>
| #endif
| int
| main ()
| {
| if (sizeof ((uint)))
| 	    return 0;
|   ;
|   return 0;
| }
configure:15740: result: yes
configure:15749: checking for int64
configure:15749: /local/software/gcc/6.4.0/bin/gcc -c   conftest.c >&5
conftest.c: In function 'main':
conftest.c:118:13: error: 'int64' undeclared (first use in this function)
 if (sizeof (int64))
             ^~~~~
conftest.c:118:13: note: each undeclared identifier is reported only once for each function it appears in
configure:15749: $? = 1
configure: failed program was:
| /* confdefs.h */
| #define PACKAGE_NAME "netCDF"
| #define PACKAGE_TARNAME "netcdf"
| #define PACKAGE_VERSION "4.6.1"
| #define PACKAGE_STRING "netCDF 4.6.1"
| #define PACKAGE_BUGREPORT "support-netcdf@unidata.ucar.edu"
| #define PACKAGE_URL ""
| #define PACKAGE "netcdf"
| #define VERSION "4.6.1"
| #define NCIO_MINBLOCKSIZE 256
| #define DEFAULT_CHUNK_SIZE 4194304
| #define MAX_DEFAULT_CACHE_SIZE 67108864
| #define DEFAULT_CHUNKS_IN_CACHE 10
| #define CHUNK_CACHE_SIZE 4194304
| #define CHUNK_CACHE_NELEMS 1009
| #define CHUNK_CACHE_PREEMPTION 0.75
| #define REMOTETESTSERVERS "remotetest.unidata.ucar.edu,jetstream.unidata.ucar.edu"
| #define USE_NETCDF_2 1
| #define USE_EXTREME_NUMBERS 1
| #define TEMP_LARGE "."
| #define HAVE_CURLOPT_USERNAME 1
| #define HAVE_CURLOPT_PASSWORD 1
| #define HAVE_CURLOPT_KEYPASSWD 1
| #define HAVE_CURLINFO_RESPONSE_CODE 1
| #define STDC_HEADERS 1
| #define HAVE_SYS_TYPES_H 1
| #define HAVE_SYS_STAT_H 1
| #define HAVE_STDLIB_H 1
| #define HAVE_STRING_H 1
| #define HAVE_MEMORY_H 1
| #define HAVE_STRINGS_H 1
| #define HAVE_INTTYPES_H 1
| #define HAVE_STDINT_H 1
| #define HAVE_UNISTD_H 1
| #define HAVE_DLFCN_H 1
| #define LT_OBJDIR ".libs/"
| #define HAVE_SYS_PARAM_H 1
| #define HAVE_LIBGEN_H 1
| #define STDC_HEADERS 1
| #define HAVE_LOCALE_H 1
| #define HAVE_STDIO_H 1
| #define HAVE_STDARG_H 1
| #define HAVE_FCNTL_H 1
| #define HAVE_MALLOC_H 1
| #define HAVE_STDLIB_H 1
| #define HAVE_STRING_H 1
| #define HAVE_STRINGS_H 1
| #define HAVE_UNISTD_H 1
| #define HAVE_SYS_STAT_H 1
| #define HAVE_GETOPT_H 1
| #define HAVE_SYS_TIME_H 1
| #define HAVE_SYS_TYPES_H 1
| #define HAVE_SYS_RESOURCE_H 1
| #define HAVE_FTW_H 1
| #define HAVE_SNPRINTF 1
| #define HAVE_STRDUP 1
| #define HAVE_STRTOLL 1
| #define HAVE_STRTOULL 1
| #define HAVE_MKSTEMP 1
| #define HAVE_MKTEMP 1
| #define HAVE_RANDOM 1
| #define HAVE_GETRLIMIT 1
| #define HAVE_GETTIMEOFDAY 1
| #define HAVE_FSYNC 1
| #define HAVE_MEMMOVE 1
| #define HAVE_GETPAGESIZE 1
| #define HAVE_SYSCONF 1
| #define HAVE_MREMAP 1
| #define USE_DISKLESS 1
| #define HAVE_ALLOCA_H 1
| #define HAVE_ALLOCA 1
| #define HAVE_DECL_ISNAN 1
| #define HAVE_DECL_ISINF 1
| #define HAVE_DECL_ISFINITE 1
| #define HAVE_STRUCT_STAT_ST_BLKSIZE 1
| #define HAVE_ST_BLKSIZE 1
| #define HAVE_SIZE_T 1
| #define HAVE_SSIZE_T 1
| #define HAVE_USHORT 1
| #define HAVE_UINT 1
| /* end confdefs.h.  */
| #include <stdio.h>
| #ifdef HAVE_SYS_TYPES_H
| # include <sys/types.h>
| #endif
| #ifdef HAVE_SYS_STAT_H
| # include <sys/stat.h>
| #endif
| #ifdef STDC_HEADERS
| # include <stdlib.h>
| # include <stddef.h>
| #else
| # ifdef HAVE_STDLIB_H
| #  include <stdlib.h>
| # endif
| #endif
| #ifdef HAVE_STRING_H
| # if !defined STDC_HEADERS && defined HAVE_MEMORY_H
| #  include <memory.h>
| # endif
| # include <string.h>
| #endif
| #ifdef HAVE_STRINGS_H
| # include <strings.h>
| #endif
| #ifdef HAVE_INTTYPES_H
| # include <inttypes.h>
| #endif
| #ifdef HAVE_STDINT_H
| # include <stdint.h>
| #endif
| #ifdef HAVE_UNISTD_H
| # include <unistd.h>
| #endif
| int
| main ()
| {
| if (sizeof (int64))
| 	 return 0;
|   ;
|   return 0;
| }
configure:15749: result: no
configure:15758: checking for uint64
configure:15758: /local/software/gcc/6.4.0/bin/gcc -c   conftest.c >&5
conftest.c: In function 'main':
conftest.c:118:13: error: 'uint64' undeclared (first use in this function)
 if (sizeof (uint64))
             ^~~~~~
conftest.c:118:13: note: each undeclared identifier is reported only once for each function it appears in
configure:15758: $? = 1
configure: failed program was:
| /* confdefs.h */
| #define PACKAGE_NAME "netCDF"
| #define PACKAGE_TARNAME "netcdf"
| #define PACKAGE_VERSION "4.6.1"
| #define PACKAGE_STRING "netCDF 4.6.1"
| #define PACKAGE_BUGREPORT "support-netcdf@unidata.ucar.edu"
| #define PACKAGE_URL ""
| #define PACKAGE "netcdf"
| #define VERSION "4.6.1"
| #define NCIO_MINBLOCKSIZE 256
| #define DEFAULT_CHUNK_SIZE 4194304
| #define MAX_DEFAULT_CACHE_SIZE 67108864
| #define DEFAULT_CHUNKS_IN_CACHE 10
| #define CHUNK_CACHE_SIZE 4194304
| #define CHUNK_CACHE_NELEMS 1009
| #define CHUNK_CACHE_PREEMPTION 0.75
| #define REMOTETESTSERVERS "remotetest.unidata.ucar.edu,jetstream.unidata.ucar.edu"
| #define USE_NETCDF_2 1
| #define USE_EXTREME_NUMBERS 1
| #define TEMP_LARGE "."
| #define HAVE_CURLOPT_USERNAME 1
| #define HAVE_CURLOPT_PASSWORD 1
| #define HAVE_CURLOPT_KEYPASSWD 1
| #define HAVE_CURLINFO_RESPONSE_CODE 1
| #define STDC_HEADERS 1
| #define HAVE_SYS_TYPES_H 1
| #define HAVE_SYS_STAT_H 1
| #define HAVE_STDLIB_H 1
| #define HAVE_STRING_H 1
| #define HAVE_MEMORY_H 1
| #define HAVE_STRINGS_H 1
| #define HAVE_INTTYPES_H 1
| #define HAVE_STDINT_H 1
| #define HAVE_UNISTD_H 1
| #define HAVE_DLFCN_H 1
| #define LT_OBJDIR ".libs/"
| #define HAVE_SYS_PARAM_H 1
| #define HAVE_LIBGEN_H 1
| #define STDC_HEADERS 1
| #define HAVE_LOCALE_H 1
| #define HAVE_STDIO_H 1
| #define HAVE_STDARG_H 1
| #define HAVE_FCNTL_H 1
| #define HAVE_MALLOC_H 1
| #define HAVE_STDLIB_H 1
| #define HAVE_STRING_H 1
| #define HAVE_STRINGS_H 1
| #define HAVE_UNISTD_H 1
| #define HAVE_SYS_STAT_H 1
| #define HAVE_GETOPT_H 1
| #define HAVE_SYS_TIME_H 1
| #define HAVE_SYS_TYPES_H 1
| #define HAVE_SYS_RESOURCE_H 1
| #define HAVE_FTW_H 1
| #define HAVE_SNPRINTF 1
| #define HAVE_STRDUP 1
| #define HAVE_STRTOLL 1
| #define HAVE_STRTOULL 1
| #define HAVE_MKSTEMP 1
| #define HAVE_MKTEMP 1
| #define HAVE_RANDOM 1
| #define HAVE_GETRLIMIT 1
| #define HAVE_GETTIMEOFDAY 1
| #define HAVE_FSYNC 1
| #define HAVE_MEMMOVE 1
| #define HAVE_GETPAGESIZE 1
| #define HAVE_SYSCONF 1
| #define HAVE_MREMAP 1
| #define USE_DISKLESS 1
| #define HAVE_ALLOCA_H 1
| #define HAVE_ALLOCA 1
| #define HAVE_DECL_ISNAN 1
| #define HAVE_DECL_ISINF 1
| #define HAVE_DECL_ISFINITE 1
| #define HAVE_STRUCT_STAT_ST_BLKSIZE 1
| #define HAVE_ST_BLKSIZE 1
| #define HAVE_SIZE_T 1
| #define HAVE_SSIZE_T 1
| #define HAVE_USHORT 1
| #define HAVE_UINT 1
| /* end confdefs.h.  */
| #include <stdio.h>
| #ifdef HAVE_SYS_TYPES_H
| # include <sys/types.h>
| #endif
| #ifdef HAVE_SYS_STAT_H
| # include <sys/stat.h>
| #endif
| #ifdef STDC_HEADERS
| # include <stdlib.h>
| # include <stddef.h>
| #else
| # ifdef HAVE_STDLIB_H
| #  include <stdlib.h>
| # endif
| #endif
| #ifdef HAVE_STRING_H
| # if !defined STDC_HEADERS && defined HAVE_MEMORY_H
| #  include <memory.h>
| # endif
| # include <string.h>
| #endif
| #ifdef HAVE_STRINGS_H
| # include <strings.h>
| #endif
| #ifdef HAVE_INTTYPES_H
| # include <inttypes.h>
| #endif
| #ifdef HAVE_STDINT_H
| # include <stdint.h>
| #endif
| #ifdef HAVE_UNISTD_H
| # include <unistd.h>
| #endif
| int
| main ()
| {
| if (sizeof (uint64))
| 	 return 0;
|   ;
|   return 0;
| }
configure:15758: result: no
configure:15768: checking for off_t
configure:15768: /local/software/gcc/6.4.0/bin/gcc -c   conftest.c >&5
configure:15768: $? = 0
configure:15768: /local/software/gcc/6.4.0/bin/gcc -c   conftest.c >&5
conftest.c: In function 'main':
conftest.c:118:20: error: expected expression before ')' token
 if (sizeof ((off_t)))
                    ^
configure:15768: $? = 1
configure: failed program was:
| /* confdefs.h */
| #define PACKAGE_NAME "netCDF"
| #define PACKAGE_TARNAME "netcdf"
| #define PACKAGE_VERSION "4.6.1"
| #define PACKAGE_STRING "netCDF 4.6.1"
| #define PACKAGE_BUGREPORT "support-netcdf@unidata.ucar.edu"
| #define PACKAGE_URL ""
| #define PACKAGE "netcdf"
| #define VERSION "4.6.1"
| #define NCIO_MINBLOCKSIZE 256
| #define DEFAULT_CHUNK_SIZE 4194304
| #define MAX_DEFAULT_CACHE_SIZE 67108864
| #define DEFAULT_CHUNKS_IN_CACHE 10
| #define CHUNK_CACHE_SIZE 4194304
| #define CHUNK_CACHE_NELEMS 1009
| #define CHUNK_CACHE_PREEMPTION 0.75
| #define REMOTETESTSERVERS "remotetest.unidata.ucar.edu,jetstream.unidata.ucar.edu"
| #define USE_NETCDF_2 1
| #define USE_EXTREME_NUMBERS 1
| #define TEMP_LARGE "."
| #define HAVE_CURLOPT_USERNAME 1
| #define HAVE_CURLOPT_PASSWORD 1
| #define HAVE_CURLOPT_KEYPASSWD 1
| #define HAVE_CURLINFO_RESPONSE_CODE 1
| #define STDC_HEADERS 1
| #define HAVE_SYS_TYPES_H 1
| #define HAVE_SYS_STAT_H 1
| #define HAVE_STDLIB_H 1
| #define HAVE_STRING_H 1
| #define HAVE_MEMORY_H 1
| #define HAVE_STRINGS_H 1
| #define HAVE_INTTYPES_H 1
| #define HAVE_STDINT_H 1
| #define HAVE_UNISTD_H 1
| #define HAVE_DLFCN_H 1
| #define LT_OBJDIR ".libs/"
| #define HAVE_SYS_PARAM_H 1
| #define HAVE_LIBGEN_H 1
| #define STDC_HEADERS 1
| #define HAVE_LOCALE_H 1
| #define HAVE_STDIO_H 1
| #define HAVE_STDARG_H 1
| #define HAVE_FCNTL_H 1
| #define HAVE_MALLOC_H 1
| #define HAVE_STDLIB_H 1
| #define HAVE_STRING_H 1
| #define HAVE_STRINGS_H 1
| #define HAVE_UNISTD_H 1
| #define HAVE_SYS_STAT_H 1
| #define HAVE_GETOPT_H 1
| #define HAVE_SYS_TIME_H 1
| #define HAVE_SYS_TYPES_H 1
| #define HAVE_SYS_RESOURCE_H 1
| #define HAVE_FTW_H 1
| #define HAVE_SNPRINTF 1
| #define HAVE_STRDUP 1
| #define HAVE_STRTOLL 1
| #define HAVE_STRTOULL 1
| #define HAVE_MKSTEMP 1
| #define HAVE_MKTEMP 1
| #define HAVE_RANDOM 1
| #define HAVE_GETRLIMIT 1
| #define HAVE_GETTIMEOFDAY 1
| #define HAVE_FSYNC 1
| #define HAVE_MEMMOVE 1
| #define HAVE_GETPAGESIZE 1
| #define HAVE_SYSCONF 1
| #define HAVE_MREMAP 1
| #define USE_DISKLESS 1
| #define HAVE_ALLOCA_H 1
| #define HAVE_ALLOCA 1
| #define HAVE_DECL_ISNAN 1
| #define HAVE_DECL_ISINF 1
| #define HAVE_DECL_ISFINITE 1
| #define HAVE_STRUCT_STAT_ST_BLKSIZE 1
| #define HAVE_ST_BLKSIZE 1
| #define HAVE_SIZE_T 1
| #define HAVE_SSIZE_T 1
| #define HAVE_USHORT 1
| #define HAVE_UINT 1
| /* end confdefs.h.  */
| #include <stdio.h>
| #ifdef HAVE_SYS_TYPES_H
| # include <sys/types.h>
| #endif
| #ifdef HAVE_SYS_STAT_H
| # include <sys/stat.h>
| #endif
| #ifdef STDC_HEADERS
| # include <stdlib.h>
| # include <stddef.h>
| #else
| # ifdef HAVE_STDLIB_H
| #  include <stdlib.h>
| # endif
| #endif
| #ifdef HAVE_STRING_H
| # if !defined STDC_HEADERS && defined HAVE_MEMORY_H
| #  include <memory.h>
| # endif
| # include <string.h>
| #endif
| #ifdef HAVE_STRINGS_H
| # include <strings.h>
| #endif
| #ifdef HAVE_INTTYPES_H
| # include <inttypes.h>
| #endif
| #ifdef HAVE_STDINT_H
| # include <stdint.h>
| #endif
| #ifdef HAVE_UNISTD_H
| # include <unistd.h>
| #endif
| int
| main ()
| {
| if (sizeof ((off_t)))
| 	    return 0;
|   ;
|   return 0;
| }
configure:15768: result: yes
configure:15779: checking whether byte ordering is bigendian
configure:15794: /local/software/gcc/6.4.0/bin/gcc -c   conftest.c >&5
conftest.c:83:9: error: unknown type name 'not'
         not a universal capable compiler
         ^~~
conftest.c:83:15: error: expected '=', ',', ';', 'asm' or '__attribute__' before 'universal'
         not a universal capable compiler
               ^~~~~~~~~
conftest.c:83:15: error: unknown type name 'universal'
configure:15794: $? = 1
configure: failed program was:
| /* confdefs.h */
| #define PACKAGE_NAME "netCDF"
| #define PACKAGE_TARNAME "netcdf"
| #define PACKAGE_VERSION "4.6.1"
| #define PACKAGE_STRING "netCDF 4.6.1"
| #define PACKAGE_BUGREPORT "support-netcdf@unidata.ucar.edu"
| #define PACKAGE_URL ""
| #define PACKAGE "netcdf"
| #define VERSION "4.6.1"
| #define NCIO_MINBLOCKSIZE 256
| #define DEFAULT_CHUNK_SIZE 4194304
| #define MAX_DEFAULT_CACHE_SIZE 67108864
| #define DEFAULT_CHUNKS_IN_CACHE 10
| #define CHUNK_CACHE_SIZE 4194304
| #define CHUNK_CACHE_NELEMS 1009
| #define CHUNK_CACHE_PREEMPTION 0.75
| #define REMOTETESTSERVERS "remotetest.unidata.ucar.edu,jetstream.unidata.ucar.edu"
| #define USE_NETCDF_2 1
| #define USE_EXTREME_NUMBERS 1
| #define TEMP_LARGE "."
| #define HAVE_CURLOPT_USERNAME 1
| #define HAVE_CURLOPT_PASSWORD 1
| #define HAVE_CURLOPT_KEYPASSWD 1
| #define HAVE_CURLINFO_RESPONSE_CODE 1
| #define STDC_HEADERS 1
| #define HAVE_SYS_TYPES_H 1
| #define HAVE_SYS_STAT_H 1
| #define HAVE_STDLIB_H 1
| #define HAVE_STRING_H 1
| #define HAVE_MEMORY_H 1
| #define HAVE_STRINGS_H 1
| #define HAVE_INTTYPES_H 1
| #define HAVE_STDINT_H 1
| #define HAVE_UNISTD_H 1
| #define HAVE_DLFCN_H 1
| #define LT_OBJDIR ".libs/"
| #define HAVE_SYS_PARAM_H 1
| #define HAVE_LIBGEN_H 1
| #define STDC_HEADERS 1
| #define HAVE_LOCALE_H 1
| #define HAVE_STDIO_H 1
| #define HAVE_STDARG_H 1
| #define HAVE_FCNTL_H 1
| #define HAVE_MALLOC_H 1
| #define HAVE_STDLIB_H 1
| #define HAVE_STRING_H 1
| #define HAVE_STRINGS_H 1
| #define HAVE_UNISTD_H 1
| #define HAVE_SYS_STAT_H 1
| #define HAVE_GETOPT_H 1
| #define HAVE_SYS_TIME_H 1
| #define HAVE_SYS_TYPES_H 1
| #define HAVE_SYS_RESOURCE_H 1
| #define HAVE_FTW_H 1
| #define HAVE_SNPRINTF 1
| #define HAVE_STRDUP 1
| #define HAVE_STRTOLL 1
| #define HAVE_STRTOULL 1
| #define HAVE_MKSTEMP 1
| #define HAVE_MKTEMP 1
| #define HAVE_RANDOM 1
| #define HAVE_GETRLIMIT 1
| #define HAVE_GETTIMEOFDAY 1
| #define HAVE_FSYNC 1
| #define HAVE_MEMMOVE 1
| #define HAVE_GETPAGESIZE 1
| #define HAVE_SYSCONF 1
| #define HAVE_MREMAP 1
| #define USE_DISKLESS 1
| #define HAVE_ALLOCA_H 1
| #define HAVE_ALLOCA 1
| #define HAVE_DECL_ISNAN 1
| #define HAVE_DECL_ISINF 1
| #define HAVE_DECL_ISFINITE 1
| #define HAVE_STRUCT_STAT_ST_BLKSIZE 1
| #define HAVE_ST_BLKSIZE 1
| #define HAVE_SIZE_T 1
| #define HAVE_SSIZE_T 1
| #define HAVE_USHORT 1
| #define HAVE_UINT 1
| /* end confdefs.h.  */
| #ifndef __APPLE_CC__
| 	       not a universal capable compiler
| 	     #endif
| 	     typedef int dummy;
| 
configure:15839: /local/software/gcc/6.4.0/bin/gcc -c   conftest.c >&5
configure:15839: $? = 0
configure:15857: /local/software/gcc/6.4.0/bin/gcc -c   conftest.c >&5
conftest.c: In function 'main':
conftest.c:89:4: error: unknown type name 'not'
    not big endian
    ^~~
conftest.c:89:12: error: expected '=', ',', ';', 'asm' or '__attribute__' before 'endian'
    not big endian
            ^~~~~~
configure:15857: $? = 1
configure: failed program was:
| /* confdefs.h */
| #define PACKAGE_NAME "netCDF"
| #define PACKAGE_TARNAME "netcdf"
| #define PACKAGE_VERSION "4.6.1"
| #define PACKAGE_STRING "netCDF 4.6.1"
| #define PACKAGE_BUGREPORT "support-netcdf@unidata.ucar.edu"
| #define PACKAGE_URL ""
| #define PACKAGE "netcdf"
| #define VERSION "4.6.1"
| #define NCIO_MINBLOCKSIZE 256
| #define DEFAULT_CHUNK_SIZE 4194304
| #define MAX_DEFAULT_CACHE_SIZE 67108864
| #define DEFAULT_CHUNKS_IN_CACHE 10
| #define CHUNK_CACHE_SIZE 4194304
| #define CHUNK_CACHE_NELEMS 1009
| #define CHUNK_CACHE_PREEMPTION 0.75
| #define REMOTETESTSERVERS "remotetest.unidata.ucar.edu,jetstream.unidata.ucar.edu"
| #define USE_NETCDF_2 1
| #define USE_EXTREME_NUMBERS 1
| #define TEMP_LARGE "."
| #define HAVE_CURLOPT_USERNAME 1
| #define HAVE_CURLOPT_PASSWORD 1
| #define HAVE_CURLOPT_KEYPASSWD 1
| #define HAVE_CURLINFO_RESPONSE_CODE 1
| #define STDC_HEADERS 1
| #define HAVE_SYS_TYPES_H 1
| #define HAVE_SYS_STAT_H 1
| #define HAVE_STDLIB_H 1
| #define HAVE_STRING_H 1
| #define HAVE_MEMORY_H 1
| #define HAVE_STRINGS_H 1
| #define HAVE_INTTYPES_H 1
| #define HAVE_STDINT_H 1
| #define HAVE_UNISTD_H 1
| #define HAVE_DLFCN_H 1
| #define LT_OBJDIR ".libs/"
| #define HAVE_SYS_PARAM_H 1
| #define HAVE_LIBGEN_H 1
| #define STDC_HEADERS 1
| #define HAVE_LOCALE_H 1
| #define HAVE_STDIO_H 1
| #define HAVE_STDARG_H 1
| #define HAVE_FCNTL_H 1
| #define HAVE_MALLOC_H 1
| #define HAVE_STDLIB_H 1
| #define HAVE_STRING_H 1
| #define HAVE_STRINGS_H 1
| #define HAVE_UNISTD_H 1
| #define HAVE_SYS_STAT_H 1
| #define HAVE_GETOPT_H 1
| #define HAVE_SYS_TIME_H 1
| #define HAVE_SYS_TYPES_H 1
| #define HAVE_SYS_RESOURCE_H 1
| #define HAVE_FTW_H 1
| #define HAVE_SNPRINTF 1
| #define HAVE_STRDUP 1
| #define HAVE_STRTOLL 1
| #define HAVE_STRTOULL 1
| #define HAVE_MKSTEMP 1
| #define HAVE_MKTEMP 1
| #define HAVE_RANDOM 1
| #define HAVE_GETRLIMIT 1
| #define HAVE_GETTIMEOFDAY 1
| #define HAVE_FSYNC 1
| #define HAVE_MEMMOVE 1
| #define HAVE_GETPAGESIZE 1
| #define HAVE_SYSCONF 1
| #define HAVE_MREMAP 1
| #define USE_DISKLESS 1
| #define HAVE_ALLOCA_H 1
| #define HAVE_ALLOCA 1
| #define HAVE_DECL_ISNAN 1
| #define HAVE_DECL_ISINF 1
| #define HAVE_DECL_ISFINITE 1
| #define HAVE_STRUCT_STAT_ST_BLKSIZE 1
| #define HAVE_ST_BLKSIZE 1
| #define HAVE_SIZE_T 1
| #define HAVE_SSIZE_T 1
| #define HAVE_USHORT 1
| #define HAVE_UINT 1
| /* end confdefs.h.  */
| #include <sys/types.h>
| 		#include <sys/param.h>
| 
| int
| main ()
| {
| #if BYTE_ORDER != BIG_ENDIAN
| 		 not big endian
| 		#endif
| 
|   ;
|   return 0;
| }
configure:15985: result: no
configure:16030: checking size of short
configure:16035: /local/software/gcc/6.4.0/bin/gcc -o conftest    conftest.c  >&5
configure:16035: $? = 0
configure:16035: ./conftest
configure:16035: $? = 0
configure:16049: result: 2
configure:16064: checking size of int
configure:16069: /local/software/gcc/6.4.0/bin/gcc -o conftest    conftest.c  >&5
configure:16069: $? = 0
configure:16069: ./conftest
configure:16069: $? = 0
configure:16083: result: 4
configure:16098: checking size of long
configure:16103: /local/software/gcc/6.4.0/bin/gcc -o conftest    conftest.c  >&5
configure:16103: $? = 0
configure:16103: ./conftest
configure:16103: $? = 0
configure:16117: result: 8
configure:16132: checking size of long long
configure:16137: /local/software/gcc/6.4.0/bin/gcc -o conftest    conftest.c  >&5
configure:16137: $? = 0
configure:16137: ./conftest
configure:16137: $? = 0
configure:16151: result: 8
configure:16166: checking size of float
configure:16171: /local/software/gcc/6.4.0/bin/gcc -o conftest    conftest.c  >&5
configure:16171: $? = 0
configure:16171: ./conftest
configure:16171: $? = 0
configure:16185: result: 4
configure:16200: checking size of double
configure:16205: /local/software/gcc/6.4.0/bin/gcc -o conftest    conftest.c  >&5
configure:16205: $? = 0
configure:16205: ./conftest
configure:16205: $? = 0
configure:16219: result: 8
configure:16234: checking size of off_t
configure:16239: /local/software/gcc/6.4.0/bin/gcc -o conftest    conftest.c  >&5
configure:16239: $? = 0
configure:16239: ./conftest
configure:16239: $? = 0
configure:16253: result: 8
configure:16268: checking size of size_t
configure:16273: /local/software/gcc/6.4.0/bin/gcc -o conftest    conftest.c  >&5
configure:16273: $? = 0
configure:16273: ./conftest
configure:16273: $? = 0
configure:16287: result: 8
configure:16302: checking size of unsigned long long
configure:16307: /local/software/gcc/6.4.0/bin/gcc -o conftest    conftest.c  >&5
configure:16307: $? = 0
configure:16307: ./conftest
configure:16307: $? = 0
configure:16321: result: 8
configure:16333: checking whether CDF5 support should be enabled
configure:16351: result: yes
configure:16420: checking size of unsigned char
configure:16425: /local/software/gcc/6.4.0/bin/gcc -o conftest    conftest.c  >&5
configure:16425: $? = 0
configure:16425: ./conftest
configure:16425: $? = 0
configure:16439: result: 1
configure:16457: checking size of ushort
configure:16462: /local/software/gcc/6.4.0/bin/gcc -o conftest    conftest.c  >&5
configure:16462: $? = 0
configure:16462: ./conftest
configure:16462: $? = 0
configure:16476: result: 2
configure:16528: checking size of uint
configure:16533: /local/software/gcc/6.4.0/bin/gcc -o conftest    conftest.c  >&5
configure:16533: $? = 0
configure:16533: ./conftest
configure:16533: $? = 0
configure:16547: result: 4
configure:16598: checking size of ushort
configure:16617: result: 2
configure:16668: checking size of uint
configure:16687: result: 4
configure:16737: checking size of ssize_t
configure:16742: /local/software/gcc/6.4.0/bin/gcc -o conftest    conftest.c  >&5
configure:16742: $? = 0
configure:16742: ./conftest
configure:16742: $? = 0
configure:16756: result: 8
configure:16771: checking size of void*
configure:16776: /local/software/gcc/6.4.0/bin/gcc -o conftest    conftest.c  >&5
configure:16776: $? = 0
configure:16776: ./conftest
configure:16776: $? = 0
configure:16790: result: 8
configure:16865: checking for floor in -lm
configure:16890: /local/software/gcc/6.4.0/bin/gcc -o conftest    conftest.c -lm   >&5
conftest.c:107:6: warning: conflicting types for built-in function 'floor'
 char floor ();
      ^~~~~
configure:16890: $? = 0
configure:16899: result: yes
configure:17406: checking whether parallel I/O for classic files is to be enabled
configure:17414: result: no
configure:18111: checking what to call the output of the ftpbin target
configure:18117: result: binary-netcdf-4.6.1_nc3.tar  /local/software/gcc/6.4.0/bin/g++
configure:18123: checking if libtool needs -no-undefined flag to build shared libraries
configure:18134: result: no
configure:18139: checking value of LIBS
configure:18141: result: -lm 
configure:18175: checking If compilation is for use with JNA
configure:18185: result: no
configure:18194: checking whether filter testing should be run
configure:18202: result: yes
configure:18206: WARNING: netCDF-4 disabled => --disable-filter-testing
configure:18433: generating header files and makefiles
configure:18546: checking that generated files are newer than configure
configure:18552: result: done
configure:18768: creating ./config.status

## ---------------------- ##
## Running config.status. ##
## ---------------------- ##

This file was extended by netCDF config.status 4.6.1, which was
generated by GNU Autoconf 2.69.  Invocation command line was

  CONFIG_FILES    = 
  CONFIG_HEADERS  = 
  CONFIG_LINKS    = 
  CONFIG_COMMANDS = 
  $ ./config.status 

on cyan53.cluster.local

config.status:1365: creating test_common.sh
config.status:1365: creating nc_test4/findplugin.sh
config.status:1365: creating Makefile
config.status:1365: creating nc-config
config.status:1365: creating netcdf.pc
config.status:1365: creating libnetcdf.settings
config.status:1365: creating postinstall.sh
config.status:1365: creating include/netcdf_meta.h
config.status:1365: creating include/Makefile
config.status:1365: creating h5_test/Makefile
config.status:1365: creating hdf4_test/Makefile
config.status:1365: creating libsrc/Makefile
config.status:1365: creating libsrc4/Makefile
config.status:1365: creating libsrcp/Makefile
config.status:1365: creating ncdump/Makefile
config.status:1365: creating ncgen3/Makefile
config.status:1365: creating ncgen/Makefile
config.status:1365: creating examples/Makefile
config.status:1365: creating examples/C/Makefile
config.status:1365: creating examples/C/hdf5plugins/Makefile
config.status:1365: creating examples/CDL/Makefile
config.status:1365: creating oc2/Makefile
config.status:1365: creating libdap2/Makefile
config.status:1365: creating libdap4/Makefile
config.status:1365: creating libhdf4/Makefile
config.status:1365: creating libdispatch/Makefile
config.status:1365: creating liblib/Makefile
config.status:1365: creating ncdump/cdl/Makefile
config.status:1365: creating ncdump/expected/Makefile
config.status:1365: creating docs/Makefile
config.status:1365: creating docs/images/Makefile
config.status:1365: creating nctest/Makefile
config.status:1365: creating nc_test4/Makefile
config.status:1365: creating nc_test4/hdf5plugins/Makefile
config.status:1365: creating nc_test/Makefile
config.status:1365: creating ncdap_test/Makefile
config.status:1365: creating ncdap_test/testdata3/Makefile
config.status:1365: creating ncdap_test/expected3/Makefile
config.status:1365: creating ncdap_test/expectremote3/Makefile
config.status:1365: creating dap4_test/Makefile
config.status:1365: creating config.h
config.status:1625: executing depfiles commands
config.status:1702: cd h5_test       && sed -e '/# am--include-marker/d' Makefile         | make -f - am--depfiles
config.status:1707: $? = 0
config.status:1702: cd hdf4_test       && sed -e '/# am--include-marker/d' Makefile         | make -f - am--depfiles
config.status:1707: $? = 0
config.status:1702: cd libsrc       && sed -e '/# am--include-marker/d' Makefile         | make -f - am--depfiles
config.status:1707: $? = 0
config.status:1702: cd libsrc4       && sed -e '/# am--include-marker/d' Makefile         | make -f - am--depfiles
config.status:1707: $? = 0
config.status:1702: cd libsrcp       && sed -e '/# am--include-marker/d' Makefile         | make -f - am--depfiles
config.status:1707: $? = 0
config.status:1702: cd ncdump       && sed -e '/# am--include-marker/d' Makefile         | make -f - am--depfiles
config.status:1707: $? = 0
config.status:1702: cd ncgen3       && sed -e '/# am--include-marker/d' Makefile         | make -f - am--depfiles
config.status:1707: $? = 0
config.status:1702: cd ncgen       && sed -e '/# am--include-marker/d' Makefile         | make -f - am--depfiles
config.status:1707: $? = 0
config.status:1702: cd examples/C       && sed -e '/# am--include-marker/d' Makefile         | make -f - am--depfiles
config.status:1707: $? = 0
config.status:1702: cd examples/C/hdf5plugins       && sed -e '/# am--include-marker/d' Makefile         | make -f - am--depfiles
config.status:1707: $? = 0
config.status:1702: cd oc2       && sed -e '/# am--include-marker/d' Makefile         | make -f - am--depfiles
config.status:1707: $? = 0
config.status:1702: cd libdap2       && sed -e '/# am--include-marker/d' Makefile         | make -f - am--depfiles
config.status:1707: $? = 0
config.status:1702: cd libdap4       && sed -e '/# am--include-marker/d' Makefile         | make -f - am--depfiles
config.status:1707: $? = 0
config.status:1702: cd libhdf4       && sed -e '/# am--include-marker/d' Makefile         | make -f - am--depfiles
config.status:1707: $? = 0
config.status:1702: cd libdispatch       && sed -e '/# am--include-marker/d' Makefile         | make -f - am--depfiles
config.status:1707: $? = 0
config.status:1702: cd liblib       && sed -e '/# am--include-marker/d' Makefile         | make -f - am--depfiles
config.status:1707: $? = 0
config.status:1702: cd nctest       && sed -e '/# am--include-marker/d' Makefile         | make -f - am--depfiles
config.status:1707: $? = 0
config.status:1702: cd nc_test4       && sed -e '/# am--include-marker/d' Makefile         | make -f - am--depfiles
config.status:1707: $? = 0
config.status:1702: cd nc_test4/hdf5plugins       && sed -e '/# am--include-marker/d' Makefile         | make -f - am--depfiles
config.status:1707: $? = 0
config.status:1702: cd nc_test       && sed -e '/# am--include-marker/d' Makefile         | make -f - am--depfiles
config.status:1707: $? = 0
config.status:1702: cd ncdap_test       && sed -e '/# am--include-marker/d' Makefile         | make -f - am--depfiles
config.status:1707: $? = 0
config.status:1702: cd dap4_test       && sed -e '/# am--include-marker/d' Makefile         | make -f - am--depfiles
config.status:1707: $? = 0
config.status:1625: executing libtool commands

## ---------------- ##
## Cache variables. ##
## ---------------- ##

ac_cv_build=x86_64-pc-linux-gnu
ac_cv_c_bigendian=no
ac_cv_c_compiler_gnu=yes
ac_cv_c_const=yes
ac_cv_c_ieeefloat=yes
ac_cv_env_CC_set=set
ac_cv_env_CC_value=/local/software/gcc/6.4.0/bin/gcc
ac_cv_env_CFLAGS_set=
ac_cv_env_CFLAGS_value=
ac_cv_env_CPPFLAGS_set=
ac_cv_env_CPPFLAGS_value=
ac_cv_env_CPP_set=
ac_cv_env_CPP_value=
ac_cv_env_LDFLAGS_set=
ac_cv_env_LDFLAGS_value=
ac_cv_env_LIBS_set=
ac_cv_env_LIBS_value=
ac_cv_env_LT_SYS_LIBRARY_PATH_set=
ac_cv_env_LT_SYS_LIBRARY_PATH_value=
ac_cv_env_build_alias_set=
ac_cv_env_build_alias_value=
ac_cv_env_host_alias_set=
ac_cv_env_host_alias_value=
ac_cv_env_target_alias_set=
ac_cv_env_target_alias_value=
ac_cv_func_MPI_Comm_f2c=no
ac_cv_func_alloca_works=yes
ac_cv_func_fsync=yes
ac_cv_func_getpagesize=yes
ac_cv_func_getrlimit=yes
ac_cv_func_gettimeofday=yes
ac_cv_func_memmove=yes
ac_cv_func_mkstemp=yes
ac_cv_func_mktemp=yes
ac_cv_func_mremap=yes
ac_cv_func_random=yes
ac_cv_func_snprintf=yes
ac_cv_func_strdup=yes
ac_cv_func_strlcat=no
ac_cv_func_strtoll=yes
ac_cv_func_strtoull=yes
ac_cv_func_sysconf=yes
ac_cv_have_decl_isfinite=yes
ac_cv_have_decl_isinf=yes
ac_cv_have_decl_isnan=yes
ac_cv_header_dlfcn_h=yes
ac_cv_header_fcntl_h=yes
ac_cv_header_ftw_h=yes
ac_cv_header_getopt_h=yes
ac_cv_header_inttypes_h=yes
ac_cv_header_libgen_h=yes
ac_cv_header_locale_h=yes
ac_cv_header_malloc_h=yes
ac_cv_header_memory_h=yes
ac_cv_header_stdarg_h=yes
ac_cv_header_stdc=yes
ac_cv_header_stdint_h=yes
ac_cv_header_stdio_h=yes
ac_cv_header_stdlib_h=yes
ac_cv_header_string_h=yes
ac_cv_header_strings_h=yes
ac_cv_header_sys_param_h=yes
ac_cv_header_sys_resource_h=yes
ac_cv_header_sys_stat_h=yes
ac_cv_header_sys_time_h=yes
ac_cv_header_sys_types_h=yes
ac_cv_header_unistd_h=yes
ac_cv_host=x86_64-pc-linux-gnu
ac_cv_lib_curl_curl_easy_setopt=yes
ac_cv_lib_m_floor=yes
ac_cv_member_struct_stat_st_blksize=yes
ac_cv_objext=o
ac_cv_path_EGREP='/usr/bin/grep -E'
ac_cv_path_FGREP='/usr/bin/grep -F'
ac_cv_path_GREP=/usr/bin/grep
ac_cv_path_SED=/usr/bin/sed
ac_cv_path_install='/usr/bin/install -c'
ac_cv_path_lt_DD=/usr/bin/dd
ac_cv_path_mkdir=/usr/bin/mkdir
ac_cv_prog_AWK=gawk
ac_cv_prog_CPP='/local/software/gcc/6.4.0/bin/gcc -E'
ac_cv_prog_DOT=dot
ac_cv_prog_DOXYGEN=doxygen
ac_cv_prog_NC_M4=m4
ac_cv_prog_ac_ct_AR=ar
ac_cv_prog_ac_ct_CC=/local/software/gcc/6.4.0/bin/gcc
ac_cv_prog_ac_ct_OBJDUMP=objdump
ac_cv_prog_ac_ct_RANLIB=ranlib
ac_cv_prog_ac_ct_STRIP=strip
ac_cv_prog_cc_c89=
ac_cv_prog_cc_g=yes
ac_cv_prog_make_make_set=yes
ac_cv_sizeof_double=8
ac_cv_sizeof_float=4
ac_cv_sizeof_int=4
ac_cv_sizeof_long=8
ac_cv_sizeof_long_long=8
ac_cv_sizeof_off_t=8
ac_cv_sizeof_short=2
ac_cv_sizeof_size_t=8
ac_cv_sizeof_ssize_t=8
ac_cv_sizeof_uint=4
ac_cv_sizeof_unsigned_char=1
ac_cv_sizeof_unsigned_long_long=8
ac_cv_sizeof_ushort=2
ac_cv_sizeof_voidp=8
ac_cv_sys_file_offset_bits=no
ac_cv_sys_largefile_CC=no
ac_cv_target=x86_64-pc-linux-gnu
ac_cv_type_int64=no
ac_cv_type_longlong=no
ac_cv_type_off_t=yes
ac_cv_type_schar=no
ac_cv_type_size_t=yes
ac_cv_type_ssize_t=yes
ac_cv_type_uchar=no
ac_cv_type_uint64=no
ac_cv_type_uint=yes
ac_cv_type_ushort=yes
ac_cv_working_alloca_h=yes
am_cv_CC_dependencies_compiler_type=gcc3
am_cv_make_support_nested_variables=yes
am_cv_prog_cc_c_o=yes
lt_cv_ar_at_file=@
lt_cv_archive_cmds_need_lc=no
lt_cv_deplibs_check_method=pass_all
lt_cv_file_magic_cmd='$MAGIC_CMD'
lt_cv_file_magic_test_file=
lt_cv_ld_reload_flag=-r
lt_cv_nm_interface='BSD nm'
lt_cv_objdir=.libs
lt_cv_path_LD=/usr/bin/ld
lt_cv_path_NM='/usr/bin/nm -B'
lt_cv_path_mainfest_tool=no
lt_cv_prog_compiler_c_o=yes
lt_cv_prog_compiler_pic='-fPIC -DPIC'
lt_cv_prog_compiler_pic_works=yes
lt_cv_prog_compiler_rtti_exceptions=no
lt_cv_prog_compiler_static_works=no
lt_cv_prog_gnu_ld=yes
lt_cv_sharedlib_from_linklib_cmd='printf %s\n'
lt_cv_shlibpath_overrides_runpath=no
lt_cv_sys_global_symbol_pipe='sed -n -e '\''s/^.*[	 ]\([ABCDGIRSTW][ABCDGIRSTW]*\)[	 ][	 ]*\([_A-Za-z][_A-Za-z0-9]*\)$/\1 \2 \2/p'\'' | sed '\''/ __gnu_lto/d'\'''
lt_cv_sys_global_symbol_to_c_name_address='sed -n -e '\''s/^: \(.*\) .*$/  {"\1", (void *) 0},/p'\'' -e '\''s/^[ABCDGIRSTW][ABCDGIRSTW]* .* \(.*\)$/  {"\1", (void *) \&\1},/p'\'''
lt_cv_sys_global_symbol_to_c_name_address_lib_prefix='sed -n -e '\''s/^: \(.*\) .*$/  {"\1", (void *) 0},/p'\'' -e '\''s/^[ABCDGIRSTW][ABCDGIRSTW]* .* \(lib.*\)$/  {"\1", (void *) \&\1},/p'\'' -e '\''s/^[ABCDGIRSTW][ABCDGIRSTW]* .* \(.*\)$/  {"lib\1", (void *) \&\1},/p'\'''
lt_cv_sys_global_symbol_to_cdecl='sed -n -e '\''s/^T .* \(.*\)$/extern int \1();/p'\'' -e '\''s/^[ABCDGIRSTW][ABCDGIRSTW]* .* \(.*\)$/extern char \1;/p'\'''
lt_cv_sys_global_symbol_to_import=
lt_cv_sys_max_cmd_len=3458764513820540925
lt_cv_to_host_file_cmd=func_convert_file_noop
lt_cv_to_tool_file_cmd=func_convert_file_noop
lt_cv_truncate_bin='/usr/bin/dd bs=4096 count=1'

## ----------------- ##
## Output variables. ##
## ----------------- ##

ACLOCAL='${SHELL} /mainfs/scratch/dn3g22/cgenie.muffin/netcdf-c-4.6.1/missing aclocal-1.16'
ALLOCA=''
AMDEPBACKSLASH='\'
AMDEP_FALSE='#'
AMDEP_TRUE=''
AMTAR='$${TAR-tar}'
AM_BACKSLASH='\'
AM_CFLAGS=''
AM_CPPFLAGS=''
AM_DEFAULT_V='$(AM_DEFAULT_VERBOSITY)'
AM_DEFAULT_VERBOSITY='1'
AM_LDFLAGS=''
AM_V='$(V)'
AR='ar'
AUTOCONF='${SHELL} /mainfs/scratch/dn3g22/cgenie.muffin/netcdf-c-4.6.1/missing autoconf'
AUTOHEADER='${SHELL} /mainfs/scratch/dn3g22/cgenie.muffin/netcdf-c-4.6.1/missing autoheader'
AUTOMAKE='${SHELL} /mainfs/scratch/dn3g22/cgenie.muffin/netcdf-c-4.6.1/missing automake-1.16'
AWK='gawk'
BINFILE_NAME='binary-netcdf-4.6.1_nc3.tar'
BUILD_BENCHMARKS_FALSE=''
BUILD_BENCHMARKS_TRUE='#'
BUILD_DAP_FALSE=''
BUILD_DAP_TRUE='#'
BUILD_DISKLESS_FALSE='#'
BUILD_DISKLESS_TRUE=''
BUILD_DOCS_FALSE=''
BUILD_DOCS_TRUE='#'
BUILD_EXAMPLES_FALSE='#'
BUILD_EXAMPLES_TRUE=''
BUILD_FORTRAN_FALSE=''
BUILD_FORTRAN_TRUE='#'
BUILD_INTERNAL_DOCS='no'
BUILD_MMAP_FALSE=''
BUILD_MMAP_TRUE='#'
BUILD_PARALLEL_FALSE=''
BUILD_PARALLEL_TRUE='#'
BUILD_TESTSETS_FALSE='#'
BUILD_TESTSETS_TRUE=''
BUILD_UTILITIES_FALSE='#'
BUILD_UTILITIES_TRUE=''
BUILD_V2_FALSE='#'
BUILD_V2_TRUE=''
CC='/local/software/gcc/6.4.0/bin/gcc'
CCDEPMODE='depmode=gcc3'
CC_VERSION='/local/software/gcc/6.4.0/bin/gcc'
CFLAGS=''
CONFIG_DATE='Tue Oct 28 11:55:38 GMT 2025'
CPP='/local/software/gcc/6.4.0/bin/gcc -E'
CPPFLAGS=''
CROSS_COMPILING_FALSE=''
CROSS_COMPILING_TRUE='#'
CYGPATH_W='echo'
DEFS='-DHAVE_CONFIG_H'
DEPDIR='.deps'
DLLTOOL='false'
DOT='dot'
DOXYGEN='doxygen'
DOXYGEN_BUILD_RELEASE_DOCS_FALSE=''
DOXYGEN_BUILD_RELEASE_DOCS_TRUE='#'
DOXYGEN_CSS_FILE=''
DOXYGEN_HEADER_FILE=''
DOXYGEN_SEARCHENGINE='YES'
DOXYGEN_SERVER_BASED_SEARCH='NO'
DSYMUTIL=''
DUMPBIN=''
ECHO_C=''
ECHO_N='-n'
ECHO_T=''
EGREP='/usr/bin/grep -E'
ENABLE_CDF5_FALSE='#'
ENABLE_CDF5_TRUE=''
ENABLE_DAP4_FALSE=''
ENABLE_DAP4_TRUE='#'
ENABLE_DAP_AUTH_TESTS_FALSE=''
ENABLE_DAP_AUTH_TESTS_TRUE='#'
ENABLE_DAP_FALSE=''
ENABLE_DAP_LONG_TESTS_FALSE=''
ENABLE_DAP_LONG_TESTS_TRUE='#'
ENABLE_DAP_REMOTE_TESTS_FALSE=''
ENABLE_DAP_REMOTE_TESTS_TRUE='#'
ENABLE_DAP_TRUE='#'
ENABLE_FILTER_TESTING_FALSE='#'
ENABLE_FILTER_TESTING_TRUE=''
ENABLE_PARALLEL_FALSE=''
ENABLE_PARALLEL_TRUE='#'
EXEEXT=''
EXTRA_EXAMPLE_TESTS_FALSE=''
EXTRA_EXAMPLE_TESTS_TRUE='#'
FGREP='/usr/bin/grep -F'
GREP='/usr/bin/grep'
HAS_CDF5='yes'
HAS_DAP2='no'
HAS_DAP4='no'
HAS_DAP='no'
HAS_DISKLESS='yes'
HAS_ERANGE_FILL='no'
HAS_HDF4='no'
HAS_HDF5='no'
HAS_JNA='no'
HAS_LOGGING='no'
HAS_MMAP='no'
HAS_NC2='yes'
HAS_NC4='no'
HAS_PARALLEL4='no'
HAS_PARALLEL='no'
HAS_PNETCDF='no'
HAS_SZLIB=''
HAVE_DOT='NO'
INSTALL_DATA='${INSTALL} -m 644'
INSTALL_PROGRAM='${INSTALL}'
INSTALL_SCRIPT='${INSTALL}'
INSTALL_STRIP_PROGRAM='$(install_sh) -c -s'
INTERNAL_OCLIB_FALSE='#'
INTERNAL_OCLIB_TRUE=''
ISCMAKE=''
ISCYGWIN_FALSE=''
ISCYGWIN_TRUE='#'
LARGE_FILE_TESTS_FALSE=''
LARGE_FILE_TESTS_TRUE='#'
LD='/usr/bin/ld -m elf_x86_64'
LDFLAGS=''
LIBOBJS=''
LIBS='-lm '
LIBTOOL='$(SHELL) $(top_builddir)/libtool'
LIPO=''
LN_S='ln -s'
LTLIBOBJS=''
LT_SYS_LIBRARY_PATH=''
M4FLAGS=''
MAINT='#'
MAINTAINER_MODE_FALSE=''
MAINTAINER_MODE_TRUE='#'
MAKEINFO='${SHELL} /mainfs/scratch/dn3g22/cgenie.muffin/netcdf-c-4.6.1/missing makeinfo'
MANIFEST_TOOL=':'
MKDIR_P='/usr/bin/mkdir -p'
MSVC=''
NC_ENABLE_DOXYGEN_PDF_OUTPUT=''
NC_ENABLE_DOXYGEN_PDF_OUTPUT_FALSE=''
NC_ENABLE_DOXYGEN_PDF_OUTPUT_TRUE='#'
NC_HAS_CDF5='1'
NC_HAS_DAP2='0'
NC_HAS_DAP4='0'
NC_HAS_DISKLESS='1'
NC_HAS_ERANGE_FILL='0'
NC_HAS_HDF4='0'
NC_HAS_HDF5='0'
NC_HAS_JNA='0'
NC_HAS_MMAP='0'
NC_HAS_NC2='1'
NC_HAS_NC4='0'
NC_HAS_PARALLEL4='0'
NC_HAS_PARALLEL='0'
NC_HAS_PNETCDF='0'
NC_HAS_SZIP='0'
NC_LIBS='-lnetcdf'
NC_M4='m4'
NC_VERSION='4.6.1'
NC_VERSION_MAJOR='4'
NC_VERSION_MINOR='6'
NC_VERSION_NOTE=''
NC_VERSION_PATCH='1'
NM='/usr/bin/nm -B'
NMEDIT=''
NOUNDEFINED=''
OBJDUMP='objdump'
OBJEXT='o'
OTOOL64=''
OTOOL=''
PACKAGE='netcdf'
PACKAGE_BUGREPORT='support-netcdf@unidata.ucar.edu'
PACKAGE_NAME='netCDF'
PACKAGE_STRING='netCDF 4.6.1'
PACKAGE_TARNAME='netcdf'
PACKAGE_URL=''
PACKAGE_VERSION='4.6.1'
PATH_SEPARATOR=':'
RANLIB='ranlib'
RELAX_COORD_BOUND=''
SED='/usr/bin/sed'
SET_MAKE=''
SHELL='/bin/sh'
SHOW_DOXYGEN_TAG_LIST='no'
SHOW_DOXYGEN_TAG_LIST_FALSE=''
SHOW_DOXYGEN_TAG_LIST_TRUE='#'
STRIP='strip'
TEST_PARALLEL4_FALSE=''
TEST_PARALLEL4_TRUE='#'
USE_CDF5_FALSE='#'
USE_CDF5_TRUE=''
USE_DAP_FALSE=''
USE_DAP_TRUE='#'
USE_DISPATCH_FALSE=''
USE_DISPATCH_TRUE='#'
USE_FFIO_FALSE=''
USE_FFIO_TRUE='#'
USE_HDF4_FALSE=''
USE_HDF4_FILE_TESTS_FALSE=''
USE_HDF4_FILE_TESTS_TRUE='#'
USE_HDF4_TRUE='#'
USE_LOGGING_FALSE=''
USE_LOGGING_TRUE='#'
USE_NETCDF4_FALSE=''
USE_NETCDF4_TRUE='#'
USE_PNETCDF_DIR_FALSE=''
USE_PNETCDF_DIR_TRUE='#'
USE_PNETCDF_FALSE=''
USE_PNETCDF_TRUE='#'
USE_RENAMEV3_FALSE=''
USE_RENAMEV3_TRUE='#'
USE_STDIO_FALSE=''
USE_STDIO_TRUE='#'
USE_STRICT_NULL_BYTE_HEADER_PADDING_FALSE=''
USE_STRICT_NULL_BYTE_HEADER_PADDING_TRUE='#'
USE_SZIP_FALSE=''
USE_SZIP_TRUE='#'
VERSION='4.6.1'
ac_ct_AR='ar'
ac_ct_CC='/local/software/gcc/6.4.0/bin/gcc'
ac_ct_DUMPBIN=''
am__EXEEXT_FALSE=''
am__EXEEXT_TRUE='#'
am__fastdepCC_FALSE='#'
am__fastdepCC_TRUE=''
am__include='include'
am__isrc=''
am__leading_dot='.'
am__nodep='_no'
am__quote=''
am__tar='$${TAR-tar} chof - "$$tardir"'
am__untar='$${TAR-tar} xf -'
bindir='${exec_prefix}/bin'
build='x86_64-pc-linux-gnu'
build_alias=''
build_cpu='x86_64'
build_os='linux-gnu'
build_vendor='pc'
datadir='${datarootdir}'
datarootdir='${prefix}/share'
docdir='${datarootdir}/doc/${PACKAGE_TARNAME}'
dvidir='${docdir}'
enable_shared='yes'
enable_static='yes'
exec_prefix='${prefix}'
host='x86_64-pc-linux-gnu'
host_alias=''
host_cpu='x86_64'
host_os='linux-gnu'
host_vendor='pc'
htmldir='${docdir}'
includedir='${prefix}/include'
infodir='${datarootdir}/info'
install_sh='${SHELL} /mainfs/scratch/dn3g22/cgenie.muffin/netcdf-c-4.6.1/install-sh'
libdir='${exec_prefix}/lib'
libexecdir='${exec_prefix}/libexec'
localedir='${datarootdir}/locale'
localstatedir='${prefix}/var'
mandir='${datarootdir}/man'
mkdir_p='$(MKDIR_P)'
oldincludedir='/usr/include'
pdfdir='${docdir}'
prefix='/mainfs/scratch/dn3g22/cgenie.muffin'
program_transform_name='s,x,x,'
psdir='${docdir}'
sbindir='${exec_prefix}/sbin'
sharedstatedir='${prefix}/com'
sysconfdir='${prefix}/etc'
target='x86_64-pc-linux-gnu'
target_alias=''
target_cpu='x86_64'
target_os='linux-gnu'
target_vendor='pc'

## ----------- ##
## confdefs.h. ##
## ----------- ##

/* confdefs.h */
#define PACKAGE_NAME "netCDF"
#define PACKAGE_TARNAME "netcdf"
#define PACKAGE_VERSION "4.6.1"
#define PACKAGE_STRING "netCDF 4.6.1"
#define PACKAGE_BUGREPORT "support-netcdf@unidata.ucar.edu"
#define PACKAGE_URL ""
#define PACKAGE "netcdf"
#define VERSION "4.6.1"
#define NCIO_MINBLOCKSIZE 256
#define DEFAULT_CHUNK_SIZE 4194304
#define MAX_DEFAULT_CACHE_SIZE 67108864
#define DEFAULT_CHUNKS_IN_CACHE 10
#define CHUNK_CACHE_SIZE 4194304
#define CHUNK_CACHE_NELEMS 1009
#define CHUNK_CACHE_PREEMPTION 0.75
#define REMOTETESTSERVERS "remotetest.unidata.ucar.edu,jetstream.unidata.ucar.edu"
#define USE_NETCDF_2 1
#define USE_EXTREME_NUMBERS 1
#define TEMP_LARGE "."
#define HAVE_CURLOPT_USERNAME 1
#define HAVE_CURLOPT_PASSWORD 1
#define HAVE_CURLOPT_KEYPASSWD 1
#define HAVE_CURLINFO_RESPONSE_CODE 1
#define STDC_HEADERS 1
#define HAVE_SYS_TYPES_H 1
#define HAVE_SYS_STAT_H 1
#define HAVE_STDLIB_H 1
#define HAVE_STRING_H 1
#define HAVE_MEMORY_H 1
#define HAVE_STRINGS_H 1
#define HAVE_INTTYPES_H 1
#define HAVE_STDINT_H 1
#define HAVE_UNISTD_H 1
#define HAVE_DLFCN_H 1
#define LT_OBJDIR ".libs/"
#define HAVE_SYS_PARAM_H 1
#define HAVE_LIBGEN_H 1
#define STDC_HEADERS 1
#define HAVE_LOCALE_H 1
#define HAVE_STDIO_H 1
#define HAVE_STDARG_H 1
#define HAVE_FCNTL_H 1
#define HAVE_MALLOC_H 1
#define HAVE_STDLIB_H 1
#define HAVE_STRING_H 1
#define HAVE_STRINGS_H 1
#define HAVE_UNISTD_H 1
#define HAVE_SYS_STAT_H 1
#define HAVE_GETOPT_H 1
#define HAVE_SYS_TIME_H 1
#define HAVE_SYS_TYPES_H 1
#define HAVE_SYS_RESOURCE_H 1
#define HAVE_FTW_H 1
#define HAVE_SNPRINTF 1
#define HAVE_STRDUP 1
#define HAVE_STRTOLL 1
#define HAVE_STRTOULL 1
#define HAVE_MKSTEMP 1
#define HAVE_MKTEMP 1
#define HAVE_RANDOM 1
#define HAVE_GETRLIMIT 1
#define HAVE_GETTIMEOFDAY 1
#define HAVE_FSYNC 1
#define HAVE_MEMMOVE 1
#define HAVE_GETPAGESIZE 1
#define HAVE_SYSCONF 1
#define HAVE_MREMAP 1
#define USE_DISKLESS 1
#define HAVE_ALLOCA_H 1
#define HAVE_ALLOCA 1
#define HAVE_DECL_ISNAN 1
#define HAVE_DECL_ISINF 1
#define HAVE_DECL_ISFINITE 1
#define HAVE_STRUCT_STAT_ST_BLKSIZE 1
#define HAVE_ST_BLKSIZE 1
#define HAVE_SIZE_T 1
#define HAVE_SSIZE_T 1
#define HAVE_USHORT 1
#define HAVE_UINT 1
#define SIZEOF_SHORT 2
#define SIZEOF_INT 4
#define SIZEOF_LONG 8
#define SIZEOF_LONG_LONG 8
#define SIZEOF_FLOAT 4
#define SIZEOF_DOUBLE 8
#define SIZEOF_OFF_T 8
#define SIZEOF_SIZE_T 8
#define SIZEOF_UNSIGNED_LONG_LONG 8
#define USE_CDF5 1
#define ENABLE_CDF5 1
#define SIZEOF_UNSIGNED_CHAR 1
#define SIZEOF_USHORT 2
#define SIZEOF_UINT 4
#define SIZEOF_USHORT 2
#define SIZEOF_UINT 4
#define SIZEOF_SSIZE_T 8
#define SIZEOF_VOIDP 8
#define HAVE_LIBM 1

configure: exit 0
